char	reading	source	confidence
㑳	trâu	ai	60
㕮	phủ	ai	60
㘚	hảm	ai	60
㠣	lịch	ai	60
㥮	trâu	ai	60
㧑	huy	ai	60
㩳	tủng	ai	60
䃮	đạt	ai	60
䓣	lưỡng	ai	60
䡵	toại	ai	60
䥑	vạn	ai	60
䥕	phiết	ai	60
䮄	huyền	ai	60
䰾	bá	ai	60
䲁	vị	ai	60
䲘	quản	ai	60
䴉	hoàn	ai	60
一	nhất	confirmed	90
丁	đinh	confirmed	90
丁	chinh	ai	60
七	thất	confirmed	90
万	vạn	confirmed	90
万	mặc	ai	60
丈	trượng	confirmed	90
三	tam	confirmed	90
三	tám	ai	60
上	thượng	confirmed	90
上	thướng	ai	60
下	hạ	confirmed	90
下	há	ai	60
不	bất	confirmed	90
不	phầu	ai	60
不	phủ	ai	60
与	dữ	confirmed	90
与	dự	ai	60
与	dư	ai	60
丏	cái	ai	60
丐	cái	confirmed	90
丑	sửu	confirmed	90
专	chuyên	confirmed	90
且	thả	confirmed	90
且	tồ	ai	60
丕	phi	ai	60
世	thế	confirmed	90
丘	khâu	confirmed	90
丙	bính	confirmed	90
业	nghiệp	confirmed	90
丛	tùng	ai	60
东	đông	confirmed	90
丝	ty	ai	60
丞	thừa	confirmed	90
丟	đâu	ai	60
丢	điêu	confirmed	90
两	lưỡng	confirmed	90
严	nghiêm	confirmed	90
並	tịnh	ai	60
丧	tang	confirmed	90
丧	táng	ai	60
个	cá	confirmed	90
个	cán	ai	60
丫	nha	ai	60
中	trung	confirmed	90
中	trúng	ai	60
丰	phong	confirmed	90
串	xuyến	confirmed	90
串	quán	ai	60
临	lâm	ai	60
临	lấm	ai	60
丸	hoàn	confirmed	90
丹	đan	ai	60
为	vi	ai	60
为	vị	ai	60
主	chủ	ai	60
丽	lệ	confirmed	90
丽	ly	ai	60
举	cử	confirmed	90
乂	nghệ	confirmed	90
乃	nãi	ai	60
久	cửu	confirmed	90
么	ma	ai	60
么	yêu	ai	60
义	nghĩa	confirmed	90
之	chi	confirmed	90
乌	ô	confirmed	90
乍	sạ	ai	60
乎	hồ	confirmed	90
乏	phạp	confirmed	90
乐	lạc	confirmed	90
乐	nhạc	ai	60
乐	nhạo	ai	60
乒	binh	ai	60
乓	bang	ai	60
乔	kiều	ai	60
乖	quai	confirmed	90
乘	thừa	ai	60
乘	thặng	confirmed	90
乙	ất	confirmed	90
乜	miết	ai	60
乜	khiết	ai	60
九	cửu	confirmed	90
乞	khất	confirmed	90
也	dã	confirmed	90
习	tập	confirmed	90
乡	hương	ai	60
书	thư	confirmed	90
乩	kê	ai	60
买	mãi	confirmed	90
乱	loạn	confirmed	90
乳	nhũ	ai	60
乸	nã	ai	60
乾	can	ai	60
乾	kiền	confirmed	90
亂	loạn	confirmed	90
了	liễu	confirmed	90
了	liệu	ai	60
予	dư	ai	60
予	dữ	ai	60
争	tranh	confirmed	90
事	sự	confirmed	90
二	nhị	ai	60
亍	xúc	ai	60
于	vu	confirmed	90
于	ư	confirmed	90
亏	khuy	ai	60
云	vân	confirmed	90
互	hỗ	confirmed	90
亓	kỳ	ai	60
五	ngũ	confirmed	90
井	tỉnh	confirmed	90
亘	cắng	ai	60
亚	á	ai	60
些	ta	confirmed	90
亞	á	ai	60
亟	cức	ai	60
亟	khí	ai	60
亡	vong	confirmed	90
亢	kháng	ai	60
亢	cang	confirmed	90
交	giao	confirmed	90
亥	hợi	confirmed	90
亦	diệc	ai	60
产	sản	confirmed	90
亨	hanh	confirmed	90
亨	hưởng	ai	60
亩	mẫu	ai	60
享	hưởng	confirmed	90
京	kinh	confirmed	90
亭	đình	confirmed	90
亮	lượng	ai	60
亲	thân	confirmed	90
亲	thấn	ai	60
亳	bạc	ai	60
亵	tiết	ai	60
亶	đản	ai	60
亶	chiên	ai	60
亸	đả	ai	60
亹	môn	ai	60
亹	vỉ	ai	60
人	nhân	confirmed	90
亿	ức	confirmed	90
什	thập	confirmed	90
什	thậm	ai	60
仁	nhân	confirmed	90
仂	lặc	ai	60
仃	đinh	ai	60
仄	trắc	confirmed	90
仅	cận	ai	60
仅	cẩn	ai	60
仆	bộc	confirmed	90
仆	phó	ai	60
仇	cừu	confirmed	90
仇	thù	ai	60
仉	chưởng	ai	60
今	kim	confirmed	90
介	giới	confirmed	90
仍	nhưng	confirmed	90
从	tòng	confirmed	90
从	tùng	ai	60
从	tụng	ai	60
仑	luân	ai	60
仓	thương	ai	60
仔	tử	confirmed	90
仔	tể	ai	60
仕	sĩ	confirmed	90
他	tha	confirmed	90
仗	trượng	confirmed	90
付	phó	confirmed	90
仙	tiên	confirmed	90
仝	đồng	confirmed	90
仞	nhận	ai	60
仟	thiên	ai	60
仡	ngật	ai	60
代	đại	confirmed	90
令	lệnh	confirmed	90
令	linh	ai	60
令	lĩnh	ai	60
以	dĩ	ai	60
仨	tam	ai	60
仪	nghi	confirmed	90
仫	mỗ	ai	60
们	môn	ai	60
仰	ngưỡng	confirmed	90
仲	trọng	ai	60
仳	tỷ	ai	60
仵	ngỗ	ai	60
件	kiện	confirmed	90
价	giá	confirmed	90
价	giới	ai	60
任	nhậm	confirmed	90
任	nhiệm	ai	60
份	phận	ai	60
仿	phảng	confirmed	90
企	xí	confirmed	90
企	khí	ai	60
伈	tâm	ai	60
伉	kháng	ai	60
伊	y	confirmed	90
伋	cấp	ai	60
伍	ngũ	confirmed	90
伎	kỹ	confirmed	90
伏	phục	confirmed	90
伐	phạt	confirmed	90
休	hưu	confirmed	90
众	chúng	confirmed	90
优	ưu	ai	60
伙	hỏa	ai	60
会	hội	confirmed	90
会	cối	ai	60
伛	ủ	ai	60
伞	tản	ai	60
伟	vĩ	confirmed	90
传	truyền	confirmed	90
传	truyện	ai	60
伢	nha	ai	60
伣	hiện	ai	60
伤	thương	confirmed	90
伥	trành	confirmed	90
伦	luân	confirmed	90
伧	thương	ai	60
伪	ngụy	confirmed	90
伫	trữ	ai	60
伭	huyền	ai	60
伯	bá	confirmed	90
伯	bách	ai	60
估	cổ	ai	60
估	cố	ai	60
伲	nễ	ai	60
伴	bạn	confirmed	90
伶	linh	ai	60
伸	thân	ai	60
伺	tý	ai	60
伺	tứ	ai	60
似	tự	confirmed	90
似	tợ	ai	60
伽	già	confirmed	90
伽	dà	ai	60
伾	phi	ai	60
佁	dĩ	ai	60
佃	điền	confirmed	90
佃	điện	ai	60
但	đãn	ai	60
佇	trữ	ai	60
位	vị	confirmed	90
低	đê	ai	60
住	trú	confirmed	90
佐	tá	confirmed	90
佑	hữu	ai	60
体	thể	confirmed	90
何	hà	ai	60
佖	bật	ai	60
佗	đà	ai	60
佘	xà	ai	60
余	dư	confirmed	90
佚	dật	confirmed	90
佛	phật	confirmed	90
佛	phất	ai	60
作	tác	confirmed	90
佝	câu	ai	60
佞	nịnh	confirmed	90
佟	đồng	ai	60
你	nhĩ	ai	60
佣	dung	ai	60
佣	dụng	ai	60
佤	ngõa	ai	60
佥	thiêm	ai	60
佩	bội	ai	60
佬	lão	ai	60
佯	dương	ai	60
佰	bách	ai	60
佳	giai	confirmed	90
佴	nhị	ai	60
併	tịnh	ai	60
佶	cát	ai	60
佸	quát	ai	60
佺	thuyên	ai	60
佻	thao	ai	60
佼	giảo	ai	60
佽	thứ	ai	60
佾	dật	ai	60
使	sứ	confirmed	90
使	sử	ai	60
侁	sân	ai	60
侂	thác	ai	60
侃	khản	ai	60
侄	điệt	ai	60
來	lai	confirmed	90
侈	xỉ	confirmed	90
侉	khoa	ai	60
例	lệ	ai	60
侍	thị	ai	60
侏	chu	ai	60
侑	hựu	ai	60
侔	mâu	ai	60
侖	luân	ai	60
侗	đồng	ai	60
侗	thống	ai	60
侘	sá	confirmed	90
供	cung	confirmed	90
供	cúng	ai	60
依	y	confirmed	90
侠	hiệp	confirmed	90
侣	lữ	ai	60
侥	kiểu	ai	60
侥	nghiêu	ai	60
侦	trinh	confirmed	90
侧	trắc	confirmed	90
侨	kiều	ai	60
侩	quái	ai	60
侪	sài	ai	60
侬	nùng	confirmed	90
侮	vũ	ai	60
侯	hầu	ai	60
侯	hậu	confirmed	90
侴	xú	ai	60
侵	xâm	confirmed	90
侶	lữ	ai	60
侹	đĩnh	ai	60
便	tiện	confirmed	90
便	biền	ai	60
俁	vũ	ai	60
係	hệ	confirmed	90
促	xúc	confirmed	90
俄	nga	ai	60
俅	cầu	ai	60
俊	tuấn	confirmed	90
俍	lương	ai	60
俎	trở	ai	60
俏	tiếu	ai	60
俐	lợi	confirmed	90
俑	dũng	ai	60
俔	huyễn	ai	60
俗	tục	confirmed	90
俘	phu	ai	60
俙	hi	ai	60
俚	lý	ai	60
俜	phinh	ai	60
保	bảo	confirmed	90
俞	du	ai	60
俞	dũ	ai	60
俟	sĩ	ai	60
俟	kỳ	ai	60
俠	hiệp	confirmed	90
信	tín	confirmed	90
信	thân	ai	60
俣	vũ	ai	60
俦	trù	ai	60
俨	nghiễm	confirmed	90
俩	lưỡng	ai	60
俩	lượng	ai	60
俪	lệ	ai	60
俫	lai	ai	60
俭	kiệm	confirmed	90
修	tu	confirmed	90
俯	phủ	ai	60
俱	câu	confirmed	90
俱	cụ	ai	60
俳	bài	ai	60
俵	biếu	ai	60
俶	thục	ai	60
俶	xúc	ai	60
俸	bổng	confirmed	90
俺	yêm	ai	60
俾	tỷ	ai	60
倀	trành	confirmed	90
倆	lưỡng	ai	60
倈	lai	ai	60
倉	thương	ai	60
個	cá	confirmed	90
倌	quan	ai	60
倍	bội	confirmed	90
倏	thúc	ai	60
們	môn	ai	60
倒	đảo	confirmed	90
倒	đáo	ai	60
倓	đàm	ai	60
倔	quật	ai	60
倔	quyết	ai	60
倕	thùy	ai	60
倘	thảng	ai	60
倘	thường	ai	60
候	hậu	ai	60
倚	ỷ	confirmed	90
倜	thích	ai	60
倞	kính	ai	60
借	tá	confirmed	90
倡	xướng	confirmed	90
倡	xương	ai	60
倥	không	ai	60
倥	khổng	ai	60
倦	quyện	confirmed	90
倧	tông	ai	60
倨	cứ	ai	60
倩	thiến	confirmed	90
倩	thanh	ai	60
倪	nghê	confirmed	90
倫	luân	confirmed	90
倬	trác	ai	60
倭	oa	ai	60
倭	uy	ai	60
倮	lõa	ai	60
倴	bôn	ai	60
债	trái	confirmed	90
倻	da	ai	60
值	trị	ai	60
倾	khuynh	confirmed	90
偁	xưng	ai	60
偃	yển	ai	60
假	giả	ai	60
假	giá	ai	60
偈	kệ	confirmed	90
偈	kiệt	ai	60
偉	vĩ	confirmed	90
偌	nhược	ai	60
偎	ổi	ai	60
偏	thiên	confirmed	90
偓	ác	ai	60
偕	giai	ai	60
做	tố	ai	60
停	đình	confirmed	90
偡	trạm	ai	60
健	kiện	confirmed	90
偬	tổng	ai	60
偭	diện	ai	60
偰	tiết	ai	60
偲	ty	ai	60
偲	thai	ai	60
側	trắc	confirmed	90
偵	trinh	confirmed	90
偶	ngẫu	confirmed	90
偷	thâu	ai	60
偻	lũ	confirmed	90
偻	lâu	ai	60
偽	ngụy	confirmed	90
偾	phẫn	ai	60
偿	thường	ai	60
傀	khôi	ai	60
傀	quỷ	ai	60
傃	tố	ai	60
傅	phó	confirmed	90
傈	lật	ai	60
傉	nậu	ai	60
傍	bàng	confirmed	90
傍	bạng	ai	60
傑	kiệt	confirmed	90
傒	hề	ai	60
傕	giác	ai	60
傖	sanh	ai	60
傖	thương	ai	60
傘	tản	ai	60
備	bị	confirmed	90
傢	gia	ai	60
傣	thái	ai	60
傥	thảng	ai	60
傧	tân	ai	60
储	trữ	ai	60
傩	na	ai	60
催	thôi	ai	60
傭	dong	ai	60
傭	dung	ai	60
傯	tổng	ai	60
傲	ngạo	confirmed	90
傳	truyền	confirmed	90
傴	ủ	ai	60
債	trái	confirmed	90
傷	thương	confirmed	90
傺	sế	ai	60
傻	sá	ai	60
傾	khuynh	confirmed	90
僂	lũ	confirmed	90
僅	cận	ai	60
僇	lục	ai	60
僉	thiêm	ai	60
僎	soạn	ai	60
像	tượng	confirmed	90
僑	kiều	ai	60
僔	tôn	ai	60
僕	bộc	confirmed	90
僖	hi	ai	60
僚	liêu	confirmed	90
僞	ngụy	ai	60
僤	đạn	ai	60
僥	nghiêu	ai	60
僥	kiểu	ai	60
僦	tựu	ai	60
僧	tăng	confirmed	90
僨	phẫn	ai	60
僬	tiêu	ai	60
僭	tiếm	confirmed	90
僮	đồng	confirmed	90
僮	tráng	ai	60
僰	bặc	ai	60
僳	túc	ai	60
僵	cương	ai	60
價	giá	confirmed	90
僻	tịch	ai	60
僻	tích	ai	60
儀	nghi	confirmed	90
儂	nùng	confirmed	90
億	ức	confirmed	90
儆	cảnh	ai	60
儇	huyên	ai	60
儈	quái	ai	60
儉	kiệm	confirmed	90
儋	đam	ai	60
儐	tấn	ai	60
儒	nho	confirmed	90
儔	trù	ai	60
儕	sài	ai	60
儘	tẫn	ai	60
償	thường	ai	60
儡	lỗi	ai	60
儦	tiêu	ai	60
優	ưu	ai	60
儲	trữ	ai	60
儳	sàm	confirmed	90
儳	sạn	ai	60
儴	nhương	ai	60
儷	lệ	ai	60
儺	na	ai	60
儻	thảng	ai	60
儼	nghiễm	confirmed	90
儿	nhi	ai	60
兀	ngột	confirmed	90
允	doãn	ai	60
元	nguyên	confirmed	90
兄	huynh	confirmed	90
充	sung	confirmed	90
兆	triệu	confirmed	90
先	tiên	confirmed	90
光	quang	confirmed	90
克	khắc	confirmed	90
兌	đoái	ai	60
免	miễn	confirmed	90
兑	đoái	ai	60
兑	duyệt	ai	60
兒	nhi	ai	60
兔	thố	ai	60
兕	tỵ	ai	60
兖	duyện	ai	60
兗	duyện	ai	60
党	đảng	ai	60
兜	đâu	confirmed	90
兢	căng	ai	60
入	nhập	confirmed	90
內	nội	ai	60
全	toàn	confirmed	90
兩	lưỡng	confirmed	90
八	bát	confirmed	90
公	công	confirmed	90
六	lục	confirmed	90
兮	hề	confirmed	90
兰	lan	ai	60
共	cộng	confirmed	90
共	cung	ai	60
关	quan	confirmed	90
兴	hưng	confirmed	90
兴	hứng	ai	60
兵	binh	confirmed	90
其	kỳ	confirmed	90
其	cơ	ai	60
具	cụ	confirmed	90
典	điển	confirmed	90
兹	tư	ai	60
养	dưỡng	confirmed	90
兼	kiêm	confirmed	90
兽	thú	confirmed	90
冀	kí	ai	60
冁	sản	ai	60
内	nội	confirmed	90
冈	cương	ai	60
冉	nhiễm	confirmed	90
冊	sách	ai	60
册	sách	confirmed	90
再	tái	confirmed	90
冏	quýnh	ai	60
冒	mạo	confirmed	90
冔	hú	ai	60
冕	miện	confirmed	90
冗	nhũng	confirmed	90
写	tả	confirmed	90
军	quân	confirmed	90
农	nông	confirmed	90
冠	quan	ai	60
冠	quán	confirmed	90
冢	trủng	ai	60
冤	oan	confirmed	90
冥	minh	confirmed	90
冪	mịch	ai	60
冬	đông	confirmed	90
冮	giang	ai	60
冯	phùng	ai	60
冰	băng	confirmed	90
冱	hộ	ai	60
冲	xung	confirmed	90
冲	trùng	confirmed	90
决	quyết	confirmed	90
况	huống	confirmed	90
冶	dã	confirmed	90
冷	lãnh	ai	60
冻	đống	ai	60
冼	tiển	ai	60
冽	liệt	ai	60
净	tịnh	ai	60
凄	thê	ai	60
准	chuẩn	confirmed	90
凇	tùng	ai	60
凈	tịnh	ai	60
凉	lương	confirmed	90
凉	lạng	ai	60
凋	điêu	ai	60
凌	lăng	confirmed	90
凍	đống	ai	60
减	giảm	confirmed	90
凑	thấu	ai	60
凓	lật	ai	60
凘	tư	ai	60
凛	lẫm	confirmed	90
凜	lẫm	confirmed	90
凝	ngưng	confirmed	90
几	kỷ	confirmed	90
几	cơ	ai	60
凡	phàm	confirmed	90
凤	phượng	confirmed	90
凫	phù	ai	60
凭	bằng	confirmed	90
凯	khải	confirmed	90
凰	hoàng	ai	60
凱	khải	confirmed	90
凳	đắng	ai	60
凶	hung	confirmed	90
凸	đột	ai	60
凹	ao	ai	60
出	xuất	confirmed	90
击	kích	ai	60
凼	đãng	ai	60
函	hàm	ai	60
凿	tạc	confirmed	90
刀	đao	confirmed	90
刁	điêu	confirmed	90
刃	nhận	ai	60
分	phân	confirmed	90
分	phận	ai	60
切	thiết	confirmed	90
切	thiếp	ai	60
刈	ngải	ai	60
刊	khan	ai	60
刍	sô	ai	60
刎	vẫn	confirmed	90
刑	hình	confirmed	90
划	hoạch	ai	60
划	hoa	ai	60
刖	nguyệt	ai	60
列	liệt	confirmed	90
刘	lưu	ai	60
则	tắc	confirmed	90
刚	cương	ai	60
创	sáng	confirmed	90
创	thương	ai	60
初	sơ	confirmed	90
删	san	confirmed	90
判	phán	confirmed	90
別	biệt	ai	60
刨	bào	confirmed	90
利	lợi	confirmed	90
刪	san	ai	60
别	biệt	ai	60
刬	sản	ai	60
刭	hĩnh	ai	60
刮	quát	ai	60
到	đáo	confirmed	90
刳	khô	ai	60
制	chế	confirmed	90
刷	loát	confirmed	90
刷	xoát	ai	60
券	khoán	ai	60
刹	sát	ai	60
刹	sái	ai	60
刺	thích	confirmed	90
刺	thứ	ai	60
刻	khắc	confirmed	90
刽	quái	ai	60
刿	quế	ai	60
剀	khải	ai	60
剁	đóa	ai	60
剂	tễ	confirmed	90
剃	thế	ai	60
剄	hĩnh	ai	60
剅	lâu	ai	60
則	tắc	confirmed	90
削	tước	confirmed	90
削	tiếu	ai	60
剋	khắc	ai	60
剌	lạt	ai	60
前	tiền	confirmed	90
剎	sát	ai	60
剐	quả	ai	60
剑	kiếm	confirmed	90
剔	thế	ai	60
剕	phí	ai	60
剖	phẫu	ai	60
剗	sản	ai	60
剛	cương	ai	60
剜	oản	ai	60
剝	bác	ai	60
剞	kỳ	ai	60
剟	xuyết	ai	60
剡	diệm	ai	60
剡	thiểm	ai	60
剥	bác	ai	60
剧	kịch	confirmed	90
剩	thặng	ai	60
剪	tiễn	ai	60
剮	quả	ai	60
副	phó	confirmed	90
割	cát	ai	60
剴	khải	ai	60
創	sang	ai	60
創	sáng	confirmed	90
剽	phiếu	ai	60
剿	tiễu	confirmed	90
劁	tiêu	ai	60
劂	quyết	ai	60
劃	hoạch	ai	60
劃	hoa	ai	60
劄	trát	ai	60
劇	kịch	confirmed	90
劈	phách	ai	60
劉	lưu	ai	60
劊	quái	ai	60
劌	quệ	ai	60
劍	kiếm	confirmed	90
劐	hoạch	ai	60
劑	tễ	confirmed	90
劓	tị	ai	60
力	lực	confirmed	90
劝	khuyến	confirmed	90
办	biện	ai	60
功	công	confirmed	90
加	gia	confirmed	90
务	vụ	confirmed	90
劢	mại	ai	60
劣	liệt	ai	60
动	động	confirmed	90
助	trợ	confirmed	90
努	nỗ	ai	60
劫	kiếp	ai	60
劬	cù	confirmed	90
劭	thiệu	ai	60
励	lệ	confirmed	90
劲	kính	ai	60
劲	cân	ai	60
劳	lao	confirmed	90
劼	kiết	ai	60
劾	hạch	confirmed	90
势	thế	confirmed	90
勁	kính	ai	60
勁	cánh	ai	60
勃	bột	confirmed	90
勇	dũng	confirmed	90
勉	miễn	confirmed	90
勋	huân	confirmed	90
勍	kình	ai	60
勐	mãnh	ai	60
勒	lặc	ai	60
勔	miễn	ai	60
動	động	confirmed	90
勖	húc	confirmed	90
勘	khám	confirmed	90
務	vụ	confirmed	90
勚	dị	ai	60
勛	huân	confirmed	90
勝	thắng	confirmed	90
勝	thăng	ai	60
勞	lao	confirmed	90
募	mộ	ai	60
勠	lục	ai	60
勢	thế	confirmed	90
勣	tích	ai	60
勤	cần	confirmed	90
勩	dị	ai	60
勰	hiệp	ai	60
勱	mại	ai	60
勵	lệ	confirmed	90
勸	khuyến	confirmed	90
勺	chước	confirmed	90
勻	quân	ai	60
勾	câu	ai	60
勿	vật	confirmed	90
匀	quân	ai	60
包	bao	confirmed	90
匆	thông	ai	60
匈	hung	confirmed	90
匍	bồ	ai	60
匏	bào	ai	60
匐	bặc	confirmed	90
匕	chủy	ai	60
化	hóa	confirmed	90
北	bắc	ai	60
匙	thi	ai	60
匙	chuỷ	ai	60
匜	di	ai	60
匝	táp	confirmed	90
匠	tượng	ai	60
匡	khuông	ai	60
匣	hạp	ai	60
匦	quỹ	ai	60
匪	phỉ	confirmed	90
匭	quỹ	ai	60
匮	quỹ	confirmed	90
匯	hối	ai	60
匱	quỹ	confirmed	90
匹	thất	confirmed	90
区	khu	confirmed	90
医	y	confirmed	90
匼	kháp	ai	60
匾	biển	ai	60
匿	nặc	confirmed	90
區	khu	confirmed	90
十	thập	confirmed	90
千	thiên	confirmed	90
卅	tạp	confirmed	90
升	thăng	confirmed	90
午	ngọ	confirmed	90
卉	hủy	ai	60
半	bán	confirmed	90
华	hoa	confirmed	90
协	hiệp	ai	60
卑	ty	ai	60
卒	tốt	confirmed	90
卒	tuất	ai	60
卓	trác	confirmed	90
協	hiệp	ai	60
单	đơn	confirmed	90
单	thiền	ai	60
卖	mại	confirmed	90
南	nam	confirmed	90
博	bác	confirmed	90
卜	bốc	confirmed	90
卞	biện	confirmed	90
卟	bốc	ai	60
占	chiêm	confirmed	90
占	chiếm	ai	60
卡	tạp	ai	60
卡	ca	ai	60
卢	lô	ai	60
卣	dữu	ai	60
卤	lỗ	ai	60
卦	quái	confirmed	90
卧	ngọa	ai	60
卫	vệ	confirmed	90
卬	ngang	confirmed	90
卮	chi	ai	60
卯	mão	confirmed	90
印	ấn	confirmed	90
危	nguy	confirmed	90
即	tức	confirmed	90
却	khước	confirmed	90
卵	noãn	ai	60
卷	quyển	confirmed	90
卷	quyền	ai	60
卸	tá	ai	60
卺	cẩn	ai	60
卻	khước	confirmed	90
卿	khanh	confirmed	90
厂	xưởng	confirmed	90
厄	ách	confirmed	90
厅	sảnh	ai	60
历	lịch	confirmed	90
厉	lệ	ai	60
压	áp	confirmed	90
厌	yếm	ai	60
厍	xá	ai	60
厕	xí	confirmed	90
厖	mang	ai	60
厘	ly	confirmed	90
厙	xá	ai	60
厚	hậu	ai	60
厝	thố	ai	60
原	nguyên	confirmed	90
厠	xí	ai	60
厢	sương	ai	60
厣	yểm	ai	60
厥	quyết	ai	60
厦	hạ	ai	60
厨	trù	ai	60
厩	cứu	ai	60
厭	yếm	ai	60
厭	yểm	ai	60
厮	tư	ai	60
厲	lệ	ai	60
厴	yểm	ai	60
去	khứ	confirmed	90
厾	đốc	ai	60
县	huyện	confirmed	90
叁	tam	ai	60
参	tham	confirmed	90
参	sâm	ai	60
參	tham	confirmed	90
參	sâm	ai	60
叄	tam	ai	60
叆	ái	ai	60
叇	đãi	ai	60
又	hựu	ai	60
叉	xoa	ai	60
及	cập	confirmed	90
友	hữu	confirmed	90
双	song	confirmed	90
反	phản	confirmed	90
发	phát	confirmed	90
叔	thúc	confirmed	90
叕	chuyết	ai	60
取	thủ	confirmed	90
受	thụ	confirmed	90
变	biến	confirmed	90
叙	tự	confirmed	90
叚	giả	ai	60
叛	phản	ai	60
叟	tẩu	ai	60
叠	điệp	confirmed	90
叢	tùng	ai	60
口	khẩu	confirmed	90
古	cổ	confirmed	90
句	cú	ai	60
句	câu	confirmed	90
另	lánh	confirmed	90
叨	thao	ai	60
叨	đao	ai	60
叩	khấu	confirmed	90
只	chỉ	confirmed	90
叫	khiếu	confirmed	90
召	triệu	ai	60
叭	bá	ai	60
叮	đinh	confirmed	90
可	khả	confirmed	90
台	đài	ai	60
叱	sất	ai	60
史	sử	confirmed	90
右	hữu	confirmed	90
叵	phả	ai	60
叶	diệp	confirmed	90
号	hiệu	confirmed	90
号	hào	ai	60
司	ty	confirmed	90
叹	thán	ai	60
叻	lặc	ai	60
叼	điêu	ai	60
叽	ky	ai	60
吁	hu	confirmed	90
吃	ngật	ai	60
各	các	confirmed	90
吆	yêu	ai	60
合	hợp	confirmed	90
吉	cát	confirmed	90
吊	điếu	ai	60
同	đồng	confirmed	90
名	danh	confirmed	90
后	hậu	confirmed	90
吏	lại	confirmed	90
吐	thổ	confirmed	90
吐	thố	ai	60
向	hướng	confirmed	90
吒	trá	ai	60
吓	hách	confirmed	90
吓	hạ	ai	60
吕	lữ	ai	60
吖	a	ai	60
吗	ma	ai	60
君	quân	confirmed	90
吝	lận	confirmed	90
吞	thôn	ai	60
吟	ngâm	confirmed	90
吠	phệ	ai	60
吡	tỷ	ai	60
吡	bỉ	ai	60
吣	thấm	ai	60
否	phủ	ai	60
否	bĩ	confirmed	90
吧	ba	ai	60
吨	đốn	ai	60
吨	tấn	ai	60
吩	phân	ai	60
含	hàm	confirmed	90
听	thính	confirmed	90
吭	hàng	ai	60
吭	khang	ai	60
吮	duyện	ai	60
启	khải	ai	60
吱	chi	ai	60
吱	kỳ	ai	60
吲	dẫn	ai	60
吳	ngô	confirmed	90
吴	ngô	confirmed	90
吵	sảo	confirmed	90
吵	sao	ai	60
吶	nột	ai	60
吸	hấp	ai	60
吹	xuy	confirmed	90
吻	vẫn	confirmed	90
吼	hống	confirmed	90
吽	hồng	ai	60
吽	ngâu	ai	60
吾	ngô	ai	60
呀	nha	ai	60
呂	lữ	ai	60
呃	ách	ai	60
呆	ngai	ai	60
呆	đai	ai	60
呇	khải	ai	60
呈	trình	confirmed	90
告	cáo	ai	60
告	cốc	ai	60
呋	phu	ai	60
呐	nột	ai	60
呐	nạp	ai	60
呒	vô	ai	60
呓	nghệ	ai	60
呔	thái	ai	60
呕	ẩu	ai	60
呕	âu	ai	60
呖	lịch	ai	60
呗	bái	ai	60
呗	bối	ai	60
员	viên	confirmed	90
员	vân	ai	60
呙	oa	ai	60
呛	sang	ai	60
呛	thương	ai	60
呜	ô	confirmed	90
呢	ni	ai	60
呢	nê	ai	60
呣	mẫu	ai	60
呤	linh	ai	60
呦	u	ai	60
周	chu	confirmed	90
呱	oa	confirmed	90
呱	cô	ai	60
呲	thử	ai	60
呲	tỳ	ai	60
味	vị	confirmed	90
呵	ha	confirmed	90
呵	kha	ai	60
呶	nao	confirmed	90
呷	hạp	ai	60
呷	hiệp	ai	60
呸	phi	ai	60
呻	thân	ai	60
呼	hô	confirmed	90
命	mệnh	confirmed	90
咀	trớ	ai	60
咀	tư	ai	60
咂	táp	confirmed	90
咄	đốt	ai	60
咆	bào	ai	60
咇	bật	ai	60
咉	ương	ai	60
咋	trách	ai	60
咋	tạc	ai	60
和	hòa	confirmed	90
和	họa	ai	60
和	hồ	ai	60
咍	hai	ai	60
咎	cữu	ai	60
咏	vịnh	confirmed	90
咐	phó	confirmed	90
咒	chú	confirmed	90
咔	ca	ai	60
咔	tạp	ai	60
咕	cô	ai	60
咖	ca	ai	60
咖	già	ai	60
咙	lung	ai	60
咚	đông	ai	60
咛	ninh	ai	60
咝	ty	ai	60
咡	nhị	ai	60
咣	quang	ai	60
咤	trá	ai	60
咥	hí	ai	60
咥	điệt	ai	60
咦	di	ai	60
咧	liệt	ai	60
咧	lạt	ai	60
咨	tư	ai	60
咩	mị	ai	60
咪	mễ	ai	60
咪	mê	ai	60
咫	chỉ	ai	60
咬	giảo	ai	60
咯	các	ai	60
咯	lạc	ai	60
咱	tự	ai	60
咱	ta	ai	60
咳	khái	ai	60
咳	hài	ai	60
咴	khôi	ai	60
咸	hàm	ai	60
咺	huyên	ai	60
咻	hưu	ai	60
咼	oa	ai	60
咽	yết	ai	60
咽	yến	ai	60
咽	yên	ai	60
咿	y	ai	60
哀	ai	confirmed	90
品	phẩm	confirmed	90
哂	sẩn	ai	60
哃	đồng	ai	60
哄	hống	ai	60
哄	họa	ai	60
哆	đa	ai	60
哆	xỉ	ai	60
哇	oa	ai	60
哈	cáp	ai	60
哈	ha	ai	60
哉	tai	confirmed	90
哌	phái	ai	60
响	hưởng	confirmed	90
哎	ai	ai	60
哏	cấn	ai	60
哐	khuông	ai	60
哑	á	ai	60
哑	ách	ai	60
哒	đạt	ai	60
哓	hiêu	ai	60
哔	tất	ai	60
哕	uyết	ai	60
哗	hoa	ai	60
哙	khoái	ai	60
哚	đóa	ai	60
哝	nùng	ai	60
哞	mâu	ai	60
哟	yêu	ai	60
員	viên	confirmed	90
哢	lộng	ai	60
哥	ca	confirmed	90
哦	nga	confirmed	90
哦	a	ai	60
哧	xích	ai	60
哨	sáo	ai	60
哩	lý	ai	60
哪	na	ai	60
哪	nả	ai	60
哭	khốc	ai	60
哮	hao	confirmed	90
哮	hiếu	ai	60
哱	bột	ai	60
哲	triết	confirmed	90
哳	triết	ai	60
哺	bộ	ai	60
哼	hanh	ai	60
哽	ngạnh	confirmed	90
哿	cả	confirmed	90
唁	nghiễn	ai	60
唄	bái	ai	60
唆	toa	ai	60
唇	thần	confirmed	90
唉	ai	ai	60
唏	hi	ai	60
唐	đường	confirmed	90
唑	tọa	ai	60
唔	ngô	ai	60
唚	tẩm	ai	60
唛	mạch	ai	60
唝	cống	ai	60
唠	lao	confirmed	90
唠	lạo	ai	60
唢	tỏa	ai	60
唣	táo	ai	60
唤	hoán	confirmed	90
唧	tức	ai	60
唪	phủng	ai	60
唬	hổ	ai	60
售	thụ	ai	60
唯	duy	ai	60
唯	dũy	ai	60
唰	soát	ai	60
唱	xướng	confirmed	90
唳	lệ	ai	60
唵	ám	ai	60
唷	dục	ai	60
唼	sáp	ai	60
唾	thóa	confirmed	90
唿	hốt	ai	60
啁	trù	ai	60
啁	chu	ai	60
啃	khẳng	ai	60
啄	trác	ai	60
商	thương	confirmed	90
啉	lâm	ai	60
啊	a	ai	60
問	vấn	ai	60
啐	thối	ai	60
啓	khải	ai	60
啕	đào	ai	60
啖	đạm	ai	60
啜	xuyết	ai	60
啜	chuyết	ai	60
啞	á	ai	60
啟	khải	ai	60
啡	phê	ai	60
啤	ty	ai	60
啤	tỳ	ai	60
啥	xá	ai	60
啦	lạp	ai	60
啧	trách	ai	60
啪	phách	ai	60
啫	giả	ai	60
啬	sắc	ai	60
啭	chuyển	ai	60
啮	niết	ai	60
啰	la	confirmed	90
啴	than	ai	60
啵	bá	ai	60
啶	định	ai	60
啷	lang	ai	60
啸	khiếu	ai	60
啻	sí	ai	60
啼	đề	ai	60
啾	thu	ai	60
喀	khách	ai	60
喀	ca	ai	60
喁	ngung	ai	60
喁	ngu	ai	60
喂	ủy	ai	60
喂	vị	ai	60
喃	nam	ai	60
善	thiện	confirmed	90
喆	triết	ai	60
喇	lạt	confirmed	90
喇	lạp	ai	60
喈	giai	ai	60
喉	hầu	confirmed	90
喊	hảm	ai	60
喋	điệp	ai	60
喏	nặc	ai	60
喑	âm	ai	60
喔	ốc	ai	60
喘	suyễn	confirmed	90
喙	uế	ai	60
喚	hoán	confirmed	90
喜	hỷ	confirmed	90
喝	hát	confirmed	90
喝	hạt	ai	60
喟	vị	confirmed	90
喤	hoàng	ai	60
喧	huyên	confirmed	90
喪	tang	confirmed	90
喪	táng	ai	60
喬	kiều	ai	60
單	đơn	confirmed	90
單	thiền	ai	60
單	thiện	ai	60
喱	ly	ai	60
喲	yêu	ai	60
喳	tra	ai	60
喵	miêu	ai	60
喷	phún	confirmed	90
喹	khuê	ai	60
喻	dụ	confirmed	90
喽	lâu	ai	60
喾	khốc	ai	60
嗄	sá	ai	60
嗅	khứu	ai	60
嗆	sang	ai	60
嗇	sắc	ai	60
嗉	tố	ai	60
嗊	cống	ai	60
嗌	ách	ai	60
嗍	sóc	ai	60
嗎	ma	ai	60
嗐	hại	ai	60
嗑	khạp	ai	60
嗒	tháp	ai	60
嗓	tảng	ai	60
嗔	sân	ai	60
嗖	sưu	ai	60
嗚	ô	confirmed	90
嗜	thị	ai	60
嗝	cách	ai	60
嗞	tư	ai	60
嗟	ta	ai	60
嗡	ông	ai	60
嗣	tự	confirmed	90
嗤	xuy	ai	60
嗥	hào	ai	60
嗦	sách	ai	60
嗨	hải	ai	60
嗩	tỏa	ai	60
嗪	tần	ai	60
嗫	chiếp	ai	60
嗬	ha	ai	60
嗯	ân	ai	60
嗲	điểm	ai	60
嗳	ái	ai	60
嗵	thông	ai	60
嗶	tất	ai	60
嗷	ngao	confirmed	90
嗽	thấu	ai	60
嗾	tẩu	ai	60
嘀	trích	ai	60
嘁	thích	ai	60
嘆	thán	ai	60
嘈	tào	confirmed	90
嘉	gia	ai	60
嘌	phiêu	ai	60
嘍	lâu	ai	60
嘎	kiết	ai	60
嘎	ca	ai	60
嘏	hỗ	ai	60
嘔	ẩu	ai	60
嘖	trách	ai	60
嘗	thường	ai	60
嘘	hư	ai	60
嘚	đắc	ai	60
嘛	ma	ai	60
嘜	mạch	ai	60
嘞	lặc	ai	60
嘟	đô	ai	60
嘡	thang	ai	60
嘣	băng	ai	60
嘤	anh	ai	60
嘧	mật	ai	60
嘩	hoa	ai	60
嘬	toát	ai	60
嘭	bành	ai	60
嘮	lao	confirmed	90
嘯	khiếu	ai	60
嘰	ky	ai	60
嘱	chúc	confirmed	90
嘲	trào	confirmed	90
嘴	chủy	ai	60
嘵	hiêu	ai	60
嘶	tê	confirmed	90
嘸	vô	ai	60
嘹	liêu	ai	60
嘻	hi	confirmed	90
嘽	than	ai	60
嘿	hắc	ai	60
噀	tốn	ai	60
噁	ố	ai	60
噂	tổn	ai	60
噇	sàng	ai	60
噌	tăng	ai	60
噍	tiếu	ai	60
噎	ế	confirmed	90
噓	hư	ai	60
噔	đăng	ai	60
噗	phốc	ai	60
噘	quyết	ai	60
噙	cầm	ai	60
噜	lỗ	ai	60
噝	ty	ai	60
噠	đạt	ai	60
噢	úc	ai	60
噤	cấm	ai	60
噥	nùng	ai	60
噦	uyết	ai	60
器	khí	confirmed	90
噩	ngạc	ai	60
噪	táo	ai	60
噫	y	ai	60
噬	phệ	ai	60
噯	ái	ai	60
噱	cược	ai	60
噲	khoái	ai	60
噴	phún	confirmed	90
噶	cát	ai	60
噸	đốn	ai	60
噹	đang	ai	60
噻	tắc	ai	60
噼	tích	ai	60
嚀	ninh	ai	60
嚄	hoắc	ai	60
嚅	nhu	ai	60
嚆	hao	ai	60
嚇	hách	ai	60
嚇	hạ	ai	60
嚎	hào	confirmed	90
嚏	đế	ai	60
嚓	sát	ai	60
嚕	lỗ	ai	60
嚙	niết	ai	60
嚚	ngân	ai	60
嚣	hiêu	ai	60
嚦	lịch	ai	60
嚨	lung	ai	60
嚭	phỉ	ai	60
嚮	hưởng	ai	60
嚯	hoắc	ai	60
嚲	đả	ai	60
嚳	khốc	ai	60
嚴	nghiêm	confirmed	90
嚶	anh	ai	60
嚷	nhượng	ai	60
嚼	tước	ai	60
囀	chuyển	ai	60
囁	chiếp	ai	60
囂	hiêu	ai	60
囅	sản	ai	60
囈	nghệ	ai	60
囉	la	confirmed	90
囊	nang	ai	60
囌	tô	ai	60
囑	chúc	confirmed	90
囔	nang	ai	60
囚	tù	confirmed	90
四	tứ	confirmed	90
回	hồi	confirmed	90
囟	tín	ai	60
因	nhân	confirmed	90
囡	nam	ai	60
团	đoàn	confirmed	90
囤	độn	ai	60
囤	truân	ai	60
囪	song	ai	60
囫	hốt	ai	60
园	viên	confirmed	90
困	khốn	confirmed	90
囱	song	confirmed	90
围	vi	ai	60
囵	luân	ai	60
囷	khuân	confirmed	90
囹	linh	ai	60
固	cố	confirmed	90
国	quốc	confirmed	90
图	đồ	confirmed	90
囿	hữu	ai	60
圃	phố	ai	60
圄	ngữ	ai	60
圆	viên	confirmed	90
圇	luân	ai	60
圈	khuyên	confirmed	90
圈	quyển	ai	60
圉	ngữ	ai	60
圊	thanh	ai	60
國	quốc	confirmed	90
圌	thùy	ai	60
圍	vi	ai	60
圐	khố	ai	60
園	viên	confirmed	90
圓	viên	confirmed	90
圖	đồ	confirmed	90
團	đoàn	confirmed	90
圙	lược	ai	60
圜	viên	ai	60
圜	hoàn	ai	60
土	thổ	confirmed	90
圢	đinh	ai	60
圣	thánh	confirmed	90
在	tại	confirmed	90
圩	vu	ai	60
圩	khư	ai	60
圪	ngật	ai	60
圫	thác	ai	60
圬	ô	ai	60
圭	khuê	ai	60
圮	dĩ	ai	60
圯	di	ai	60
地	địa	confirmed	90
圲	thiên	ai	60
圳	quyến	ai	60
圳	chẩn	ai	60
圹	khoáng	ai	60
场	trường	confirmed	90
场	tràng	ai	60
圻	kỳ	ai	60
圻	ngân	ai	60
圾	cấp	ai	60
址	chỉ	ai	60
坂	bản	ai	60
均	quân	confirmed	90
坉	độn	ai	60
坊	phường	confirmed	90
坊	phòng	ai	60
坋	bạn	ai	60
坌	bạn	ai	60
坍	than	ai	60
坎	khảm	confirmed	90
坏	hoại	confirmed	90
坏	phôi	ai	60
坐	tọa	ai	60
坑	khanh	ai	60
坒	bệ	ai	60
块	khối	confirmed	90
坚	kiên	confirmed	90
坛	đàn	confirmed	90
坜	lịch	ai	60
坝	bá	ai	60
坞	ổ	ai	60
坟	phần	confirmed	90
坠	trụy	confirmed	90
坡	pha	confirmed	90
坤	khôn	confirmed	90
坥	thư	ai	60
坦	thản	ai	60
坨	đà	ai	60
坩	kham	ai	60
坪	bình	ai	60
坫	điếm	ai	60
坬	oa	ai	60
坭	nê	ai	60
坯	phôi	ai	60
坰	quynh	ai	60
坳	ao	ai	60
坳	ảo	ai	60
坷	khả	ai	60
坻	chỉ	ai	60
坻	để	ai	60
坼	sách	ai	60
坽	linh	ai	60
垂	thùy	confirmed	90
垃	lạp	ai	60
垄	lũng	confirmed	90
垆	lô	ai	60
垈	đại	ai	60
型	hình	ai	60
垌	động	ai	60
垌	đồng	confirmed	90
垍	kỵ	ai	60
垎	hạc	ai	60
垏	luật	ai	60
垒	lũy	confirmed	90
垓	cai	ai	60
垕	hậu	ai	60
垙	quang	ai	60
垚	nghiêu	ai	60
垛	đóa	ai	60
垛	đỏa	ai	60
垞	tra	ai	60
垟	dương	ai	60
垠	ngân	ai	60
垡	phạt	ai	60
垢	cấu	ai	60
垣	viên	ai	60
垤	điệt	ai	60
垦	khẩn	confirmed	90
垧	thưởng	ai	60
垩	ác	ai	60
垫	điếm	ai	60
垭	á	ai	60
垮	khoa	ai	60
垯	đáp	ai	60
垱	đáng	ai	60
垲	khải	ai	60
垴	não	ai	60
垵	am	ai	60
垸	viện	ai	60
垺	phù	ai	60
垻	bá	ai	60
垾	hãn	ai	60
垿	tự	ai	60
埂	canh	ai	60
埃	ai	confirmed	90
埆	xác	ai	60
埇	dũng	ai	60
埋	mai	confirmed	90
埌	lãng	ai	60
城	thành	confirmed	90
埏	diên	ai	60
埏	duyên	ai	60
埒	liệt	ai	60
埔	bộ	ai	60
埕	trình	ai	60
埗	bộ	ai	60
埘	thì	ai	60
埙	huân	ai	60
埚	qua	ai	60
埝	niệm	ai	60
域	vực	confirmed	90
埠	phụ	ai	60
埡	á	ai	60
埤	bì	ai	60
埤	tỳ	ai	60
埨	luân	ai	60
埪	không	ai	60
埫	thảng	ai	60
埭	đại	ai	60
埯	am	ai	60
埰	thái	ai	60
埴	thực	ai	60
埵	đóa	ai	60
執	chấp	confirmed	90
埸	dịch	ai	60
培	bồi	confirmed	90
基	cơ	confirmed	90
埼	kỳ	ai	60
埽	tảo	ai	60
堂	đường	confirmed	90
堃	khôn	ai	60
堅	kiên	confirmed	90
堆	đôi	confirmed	90
堇	cẩn	ai	60
堉	dục	ai	60
堊	ác	ai	60
堋	bằng	ai	60
堌	cố	ai	60
堍	thố	ai	60
堎	lăng	ai	60
堐	nhai	ai	60
堑	tiệm	ai	60
堕	đọa	confirmed	90
堖	não	ai	60
堙	nhân	ai	60
堝	qua	ai	60
堞	điệp	ai	60
堠	hậu	ai	60
堡	bảo	ai	60
堡	bửu	ai	60
堤	đê	confirmed	90
堧	nhuyên	ai	60
堨	át	ai	60
堪	kham	confirmed	90
堯	nghiêu	confirmed	90
堰	yển	ai	60
報	báo	confirmed	90
堲	tức	ai	60
場	trường	confirmed	90
堵	đổ	ai	60
堼	hằng	ai	60
堽	cương	ai	60
堾	xuân	ai	60
塄	lăng	ai	60
塅	đoạn	ai	60
塆	loan	ai	60
塊	khối	confirmed	90
塋	doanh	ai	60
塌	tháp	ai	60
塍	thăng	ai	60
塏	khải	ai	60
塑	tố	ai	60
塒	thì	ai	60
塔	tháp	ai	60
塗	đồ	confirmed	90
塘	đường	confirmed	90
塝	bảng	ai	60
塞	tắc	confirmed	90
塞	tái	ai	60
塢	ổ	ai	60
塤	huân	ai	60
塥	cách	ai	60
填	điền	confirmed	90
塬	nguyên	ai	60
塱	lãng	ai	60
塵	trần	confirmed	90
塸	âu	ai	60
塹	tiệm	ai	60
塾	thục	confirmed	90
塿	lũ	ai	60
墀	trì	ai	60
墁	mạn	ai	60
境	cảnh	confirmed	90
墅	thự	confirmed	90
墈	khám	ai	60
墉	dong	ai	60
墊	điếm	ai	60
墐	cận	ai	60
墒	thương	ai	60
墓	mộ	confirmed	90
墕	yên	ai	60
墘	càn	ai	60
墙	tường	confirmed	90
墚	lương	ai	60
墜	trụy	confirmed	90
增	tăng	confirmed	90
墟	khư	ai	60
墠	thiện	ai	60
墡	thiện	ai	60
墣	phác	ai	60
墦	phiền	ai	60
墨	mặc	ai	60
墩	đôn	confirmed	90
墮	đọa	confirmed	90
墳	phần	confirmed	90
墶	đáp	ai	60
墻	tường	confirmed	90
墼	kích	ai	60
墾	khẩn	confirmed	90
壁	bích	confirmed	90
壅	ung	ai	60
壇	đàn	confirmed	90
壋	đáng	ai	60
壑	hác	confirmed	90
壓	áp	confirmed	90
壕	hào	confirmed	90
壘	lũy	confirmed	90
壙	khoáng	ai	60
壚	lô	ai	60
壞	hoại	confirmed	90
壟	lũng	confirmed	90
壢	lịch	ai	60
壤	nhưỡng	confirmed	90
壩	bá	ai	60
壪	loan	ai	60
士	sĩ	confirmed	90
壬	nhâm	ai	60
壮	tráng	confirmed	90
壯	tráng	confirmed	90
声	thanh	confirmed	90
壳	xác	confirmed	90
壶	hồ	ai	60
壸	khổn	ai	60
壹	nhất	confirmed	90
壺	hồ	ai	60
壼	khổn	ai	60
壽	thọ	confirmed	90
处	xử	confirmed	90
处	thứ	ai	60
备	bị	confirmed	90
复	phục	ai	60
夏	hạ	ai	60
夐	quýnh	ai	60
夔	quỳ	ai	60
夕	tịch	confirmed	90
外	ngoại	confirmed	90
夙	túc	confirmed	90
多	đa	confirmed	90
夜	dạ	confirmed	90
够	cấu	ai	60
夠	cấu	ai	60
夢	mộng	ai	60
夤	di	ai	60
夥	hỏa	ai	60
大	đại	confirmed	90
天	thiên	confirmed	90
太	thái	confirmed	90
夫	phu	confirmed	90
夬	quái	ai	60
夭	yêu	ai	60
央	ương	confirmed	90
夯	hạng	ai	60
失	thất	confirmed	90
头	đầu	confirmed	90
夷	di	ai	60
夸	khoa	confirmed	90
夹	giáp	confirmed	90
夹	hiệp	ai	60
夺	đoạt	confirmed	90
夼	khoảng	ai	60
夾	giáp	confirmed	90
奁	liêm	ai	60
奂	hoán	ai	60
奄	yểm	ai	60
奇	kỳ	confirmed	90
奈	nại	confirmed	90
奉	phụng	confirmed	90
奋	phấn	confirmed	90
奎	khuê	ai	60
奏	tấu	confirmed	90
奐	hoán	ai	60
契	khế	confirmed	90
奓	xa	ai	60
奔	bôn	ai	60
奕	dịch	ai	60
奖	tưởng	confirmed	90
套	sáo	ai	60
奘	trang	ai	60
奘	tảng	ai	60
奚	hề	ai	60
奠	điện	ai	60
奡	ngạo	ai	60
奢	xa	confirmed	90
奥	áo	confirmed	90
奥	úc	ai	60
奧	áo	confirmed	90
奩	liêm	ai	60
奪	đoạt	confirmed	90
奬	tưởng	confirmed	90
奭	thích	ai	60
奮	phấn	confirmed	90
女	nữ	ai	60
奴	nô	confirmed	90
奶	nãi	ai	60
奸	gian	confirmed	90
她	tha	ai	60
奼	xá	ai	60
好	hảo	ai	60
好	hiếu	ai	60
妁	chước	ai	60
如	như	confirmed	90
妃	phi	confirmed	90
妄	vọng	ai	60
妆	trang	confirmed	90
妇	phụ	confirmed	90
妈	ma	ai	60
妊	nhâm	ai	60
妍	nghiên	ai	60
妒	đố	confirmed	90
妓	kỹ	confirmed	90
妖	yêu	confirmed	90
妗	cấm	ai	60
妘	vân	ai	60
妙	diệu	confirmed	90
妝	trang	confirmed	90
妞	nữu	ai	60
妣	tỷ	ai	60
妤	dư	ai	60
妥	thỏa	confirmed	90
妧	ngoan	ai	60
妨	phương	ai	60
妩	vũ	ai	60
妪	ẩu	confirmed	90
妫	quy	ai	60
妭	bạt	ai	60
妮	ni	confirmed	90
妯	trục	ai	60
妲	đát	ai	60
妹	muội	confirmed	90
妻	thê	confirmed	90
妾	thiếp	confirmed	90
姆	mẫu	ai	60
姈	linh	ai	60
姊	tỷ	ai	60
始	thủy	confirmed	90
姍	san	ai	60
姐	tả	ai	60
姑	cô	confirmed	90
姒	tự	ai	60
姓	tính	confirmed	90
委	ủy	confirmed	90
姗	san	ai	60
姘	phanh	ai	60
姚	diêu	confirmed	90
姜	khương	ai	60
姝	thù	ai	60
姞	cát	ai	60
姣	giao	ai	60
姤	cấu	ai	60
姥	mỗ	ai	60
姥	lão	ai	60
姦	gian	confirmed	90
姨	di	ai	60
姬	cơ	ai	60
姮	hằng	ai	60
姱	khoa	ai	60
姶	áp	ai	60
姹	sá	ai	60
姻	nhân	confirmed	90
姽	quỷ	ai	60
姿	tư	confirmed	90
娀	tung	ai	60
威	uy	confirmed	90
娃	oa	ai	60
娄	lâu	confirmed	90
娅	á	ai	60
娆	nhiêu	ai	60
娇	kiều	confirmed	90
娈	luyến	ai	60
娉	phinh	ai	60
娌	lý	ai	60
娑	sa	ai	60
娓	vỹ	ai	60
娘	nương	confirmed	90
娙	hình	ai	60
娛	ngu	ai	60
娜	na	confirmed	90
娜	nả	ai	60
娟	quyên	ai	60
娠	thần	ai	60
娣	đễ	ai	60
娥	nga	confirmed	90
娩	miễn	ai	60
娱	ngu	ai	60
娲	oa	confirmed	90
娴	nhàn	ai	60
娵	tưu	ai	60
娶	thú	confirmed	90
娼	xướng	ai	60
婀	a	ai	60
婁	lâu	confirmed	90
婆	bà	confirmed	90
婉	uyển	confirmed	90
婊	biểu	ai	60
婌	thục	ai	60
婍	ỷ	ai	60
婕	tiệp	ai	60
婘	quyền	ai	60
婚	hôn	ai	60
婞	hãnh	ai	60
婠	loan	ai	60
婢	tỳ	confirmed	90
婤	chu	ai	60
婦	phụ	confirmed	90
婧	tịnh	ai	60
婪	lam	confirmed	90
婫	côn	ai	60
婭	á	ai	60
婳	họa	ai	60
婴	anh	confirmed	90
婵	thiền	ai	60
婶	thẩm	ai	60
婷	đình	ai	60
婺	vụ	ai	60
婻	nạm	ai	60
婼	nhược	ai	60
婿	tế	ai	60
媂	đế	ai	60
媄	mỹ	ai	60
媆	nộn	ai	60
媒	môi	ai	60
媓	hoàng	ai	60
媖	anh	ai	60
媚	mị	ai	60
媛	viện	ai	60
媛	viên	ai	60
媞	đề	ai	60
媧	oa	confirmed	90
媪	ẩu	ai	60
媭	tu	ai	60
媯	quy	ai	60
媱	dao	ai	60
媲	thí	ai	60
媳	tức	ai	60
媵	dắng	ai	60
媸	xuy	ai	60
媼	ảo	ai	60
媽	ma	ai	60
媾	cấu	ai	60
嫁	giá	confirmed	90
嫂	tẩu	ai	60
嫄	nguyên	ai	60
嫉	tật	ai	60
嫌	hiềm	confirmed	90
嫒	ái	ai	60
嫔	tần	ai	60
嫕	ế	ai	60
嫖	phiêu	ai	60
嫗	ẩu	confirmed	90
嫘	luy	ai	60
嫚	mạn	ai	60
嫜	chương	ai	60
嫠	ly	ai	60
嫡	đích	confirmed	90
嫣	yên	ai	60
嫦	thường	confirmed	90
嫩	nộn	ai	60
嫪	lão	ai	60
嫫	mô	ai	60
嫭	hộ	ai	60
嫱	tường	ai	60
嫵	vũ	ai	60
嫻	nhàn	ai	60
嫽	liêu	ai	60
嫿	họa	ai	60
嬀	quy	ai	60
嬃	tu	ai	60
嬈	nhiêu	ai	60
嬉	hi	ai	60
嬋	thiền	ai	60
嬌	kiều	confirmed	90
嬖	bế	confirmed	90
嬗	thiện	ai	60
嬙	tường	ai	60
嬛	hoàn	ai	60
嬡	ái	ai	60
嬤	ma	ai	60
嬥	điệu	ai	60
嬪	tần	ai	60
嬬	nhu	ai	60
嬰	anh	confirmed	90
嬴	doanh	ai	60
嬷	ma	ai	60
嬸	thẩm	ai	60
嬿	yến	ai	60
孀	sương	ai	60
孅	tiêm	ai	60
孌	luyến	ai	60
子	tử	ai	60
孑	kiết	ai	60
孓	quyết	ai	60
孔	khổng	confirmed	90
孕	dựng	confirmed	90
孖	tư	ai	60
字	tự	confirmed	90
存	tồn	confirmed	90
孙	tôn	confirmed	90
孚	phu	ai	60
孛	bột	ai	60
孜	tư	ai	60
孝	hiếu	confirmed	90
孟	mạnh	confirmed	90
孢	bào	ai	60
季	quý	confirmed	90
孤	cô	confirmed	90
孥	nô	ai	60
学	học	confirmed	90
孩	hài	confirmed	90
孪	loan	ai	60
孫	tôn	confirmed	90
孬	nạo	ai	60
孰	thục	ai	60
孱	sàn	ai	60
孳	tư	ai	60
孵	phu	ai	60
學	học	confirmed	90
孺	nhụ	ai	60
孽	nghiệt	confirmed	90
孿	loan	ai	60
宁	ninh	ai	60
宁	nịnh	ai	60
它	tha	ai	60
宄	quỹ	ai	60
宅	trạch	ai	60
宇	vũ	confirmed	90
守	thủ	ai	60
安	an	confirmed	90
宋	tống	confirmed	90
完	hoàn	confirmed	90
宏	hoành	ai	60
宓	mật	ai	60
宕	đãng	ai	60
宗	tông	confirmed	90
官	quan	confirmed	90
宙	trụ	confirmed	90
定	định	confirmed	90
宛	uyển	confirmed	90
宛	uyên	ai	60
宜	nghi	confirmed	90
宝	bảo	confirmed	90
实	thực	confirmed	90
宠	sủng	confirmed	90
审	thẩm	confirmed	90
客	khách	confirmed	90
宣	tuyên	confirmed	90
室	thất	confirmed	90
宥	hựu	ai	60
宦	hoạn	ai	60
宧	di	ai	60
宪	hiến	confirmed	90
宫	cung	confirmed	90
宬	thành	ai	60
宮	cung	ai	60
宰	tể	confirmed	90
害	hại	confirmed	90
宴	yến	confirmed	90
宵	tiêu	ai	60
家	gia	confirmed	90
宸	thần	ai	60
容	dung	confirmed	90
宽	khoan	confirmed	90
宾	tân	confirmed	90
宿	túc	confirmed	90
宿	tú	ai	60
寁	tảm	ai	60
寂	tịch	confirmed	90
寄	ký	ai	60
寅	dần	confirmed	90
密	mật	confirmed	90
寇	khấu	confirmed	90
富	phú	confirmed	90
寐	mị	confirmed	90
寒	hàn	confirmed	90
寓	ngụ	confirmed	90
寝	tẩm	ai	60
寞	mịch	confirmed	90
察	sát	confirmed	90
寡	quả	confirmed	90
寢	tẩm	ai	60
寤	ngộ	ai	60
寥	liêu	ai	60
實	thực	confirmed	90
寧	ninh	ai	60
寨	trại	confirmed	90
審	thẩm	confirmed	90
寫	tả	confirmed	90
寬	khoan	confirmed	90
寮	liêu	ai	60
寰	hoàn	ai	60
寵	sủng	confirmed	90
寶	bảo	confirmed	90
寸	thốn	confirmed	90
对	đối	confirmed	90
寺	tự	ai	60
寻	tầm	confirmed	90
导	đạo	confirmed	90
寿	thọ	confirmed	90
封	phong	confirmed	90
射	xạ	confirmed	90
射	dạ	ai	60
将	tương	ai	60
将	tướng	confirmed	90
將	tương	ai	60
將	tướng	confirmed	90
專	chuyên	confirmed	90
尉	úy	ai	60
尊	tôn	confirmed	90
尋	tầm	confirmed	90
對	đối	ai	60
導	đạo	confirmed	90
小	tiểu	confirmed	90
少	thiểu	confirmed	90
少	thiếu	ai	60
尔	nhĩ	ai	60
尕	ca	ai	60
尖	tiêm	confirmed	90
尘	trần	confirmed	90
尚	thượng	ai	60
尜	ca	ai	60
尝	thường	ai	60
尢	uông	ai	60
尤	vưu	ai	60
尥	liệu	ai	60
尧	nghiêu	confirmed	90
尨	mang	ai	60
尪	uông	ai	60
尬	giới	ai	60
就	tựu	ai	60
尴	cam	ai	60
尷	giam	ai	60
尸	thi	confirmed	90
尹	doãn	confirmed	90
尺	xích	confirmed	90
尻	khào	ai	60
尼	ni	confirmed	90
尽	tận	confirmed	90
尾	vĩ	confirmed	90
尿	niệu	ai	60
局	cục	confirmed	90
屁	thí	ai	60
层	tằng	ai	60
屃	hí	ai	60
居	cư	confirmed	90
屆	giới	ai	60
屈	khuất	confirmed	90
屉	thế	ai	60
届	giới	ai	60
屋	ốc	confirmed	90
屍	thi	confirmed	90
屎	thỉ	ai	60
屏	bình	confirmed	90
屏	bính	ai	60
屐	kịch	ai	60
屑	tiết	ai	60
屓	hí	ai	60
展	triển	confirmed	90
屙	a	ai	60
屜	thế	ai	60
属	thuộc	confirmed	90
属	chúc	ai	60
屠	đồ	confirmed	90
屡	lũ	confirmed	90
屢	lũ	confirmed	90
屣	tỷ	ai	60
層	tằng	ai	60
履	lý	ai	60
屦	lũ	ai	60
屨	lũ	ai	60
屬	thuộc	confirmed	90
屯	truân	confirmed	90
屯	đồn	ai	60
山	sơn	confirmed	90
屹	ngật	confirmed	90
屺	khỉ	ai	60
屼	ngột	ai	60
屾	sân	ai	60
屿	dữ	ai	60
岁	tuế	ai	60
岂	khởi	ai	60
岈	nha	ai	60
岊	tiết	ai	60
岌	ngập	confirmed	90
岍	khiên	ai	60
岐	kỳ	ai	60
岑	sầm	confirmed	90
岔	xá	ai	60
岖	khu	ai	60
岗	cương	ai	60
岘	hiện	ai	60
岙	áo	ai	60
岚	lam	ai	60
岛	đảo	confirmed	90
岜	ba	ai	60
岞	tạc	ai	60
岠	cự	ai	60
岡	cương	ai	60
岢	khả	ai	60
岣	cẩu	ai	60
岨	sư	ai	60
岩	nham	confirmed	90
岫	tụ	ai	60
岬	giáp	ai	60
岭	lĩnh	ai	60
岱	đại	ai	60
岳	nhạc	ai	60
岵	hỗ	ai	60
岷	mân	ai	60
岸	ngạn	ai	60
岽	đông	ai	60
岿	khuy	ai	60
峁	mão	ai	60
峂	đồng	ai	60
峃	học	ai	60
峄	dịch	ai	60
峋	tuần	ai	60
峒	động	ai	60
峒	đồng	ai	60
峗	nguy	ai	60
峘	hoàn	ai	60
峙	trĩ	ai	60
峛	lệ	ai	60
峡	giáp	confirmed	90
峣	nghiêu	ai	60
峤	kiệu	ai	60
峥	tranh	ai	60
峦	loan	ai	60
峧	giao	ai	60
峨	nga	ai	60
峪	dục	ai	60
峭	tiễu	ai	60
峰	phong	ai	60
峱	nao	ai	60
峴	hiện	ai	60
島	đảo	confirmed	90
峻	tuấn	ai	60
峽	hiệp	ai	60
峿	ngô	ai	60
崀	lãng	ai	60
崁	khảm	ai	60
崂	lao	confirmed	90
崃	lai	ai	60
崄	hiểm	ai	60
崆	không	ai	60
崇	sùng	confirmed	90
崌	cư	ai	60
崍	lai	ai	60
崎	kỳ	ai	60
崒	tụy	ai	60
崔	thôi	confirmed	90
崖	nhai	ai	60
崗	cương	ai	60
崚	lăng	ai	60
崛	quật	ai	60
崞	quách	ai	60
崟	ngân	ai	60
崡	hàm	ai	60
崢	tranh	ai	60
崤	hào	ai	60
崦	yêm	ai	60
崧	tung	ai	60
崩	băng	ai	60
崬	đông	ai	60
崭	trảm	ai	60
崮	cố	ai	60
崴	uy	ai	60
崶	phong	ai	60
崽	tể	ai	60
崾	yểu	ai	60
崿	ngạc	ai	60
嵁	kham	confirmed	90
嵅	hàm	ai	60
嵇	kê	ai	60
嵊	thặng	ai	60
嵋	mi	confirmed	90
嵌	khảm	ai	60
嵎	ngu	ai	60
嵐	lam	ai	60
嵖	tra	ai	60
嵘	vanh	ai	60
嵚	khâm	ai	60
嵛	du	ai	60
嵝	lũ	ai	60
嵩	tung	confirmed	90
嵫	tư	ai	60
嵬	ngôi	confirmed	90
嵯	tha	ai	60
嵲	niết	ai	60
嵴	tích	ai	60
嵽	điệt	ai	60
嶁	lũ	ai	60
嶂	chướng	ai	60
嶄	trảm	ai	60
嶅	ngao	ai	60
嶇	khu	ai	60
嶍	tập	ai	60
嶒	tằng	ai	60
嶓	ba	ai	60
嶔	khâm	ai	60
嶗	lao	confirmed	90
嶙	lân	ai	60
嶝	đặng	ai	60
嶟	tôn	ai	60
嶠	kiệu	ai	60
嶢	nghiêu	ai	60
嶦	chiêm	ai	60
嶧	dịch	ai	60
嶨	học	ai	60
嶮	hiểm	ai	60
嶲	tây	ai	60
嶴	áo	ai	60
嶷	nghi	ai	60
嶸	vanh	ai	60
嶺	lĩnh	ai	60
嶼	tự	ai	60
巅	điên	ai	60
巇	hi	ai	60
巉	sàm	ai	60
巋	khuy	ai	60
巍	nguy	confirmed	90
巒	loan	ai	60
巔	điên	ai	60
巘	yển	ai	60
川	xuyên	confirmed	90
州	châu	confirmed	90
巡	tuần	confirmed	90
巢	sào	confirmed	90
工	công	confirmed	90
左	tả	confirmed	90
巧	xảo	confirmed	90
巨	cự	ai	60
巩	củng	confirmed	90
巫	vu	ai	60
差	sai	confirmed	90
差	soa	ai	60
差	si	ai	60
巯	thỉnh	ai	60
巰	thoan	ai	60
己	kỷ	confirmed	90
已	dĩ	confirmed	90
巳	tị	confirmed	90
巴	ba	confirmed	90
巷	hạng	ai	60
巽	tốn	ai	60
巾	cân	confirmed	90
币	tệ	ai	60
市	thị	confirmed	90
布	bố	confirmed	90
帅	soái	confirmed	90
帆	phàm	ai	60
师	sư	confirmed	90
希	hy	ai	60
帏	vi	ai	60
帐	trướng	confirmed	90
帑	nô	confirmed	90
帑	thảng	ai	60
帔	bí	ai	60
帕	phạ	ai	60
帖	thiếp	confirmed	90
帘	liêm	ai	60
帙	trật	ai	60
帚	trửu	ai	60
帛	bạch	ai	60
帜	xí	confirmed	90
帝	đế	ai	60
帡	bình	ai	60
帥	soái	confirmed	90
带	đái	ai	60
帧	trinh	ai	60
帨	thuế	ai	60
師	sư	confirmed	90
席	tịch	ai	60
帮	bang	ai	60
帱	trù	ai	60
帳	trướng	confirmed	90
帶	đái	ai	60
帷	duy	ai	60
常	thường	confirmed	90
帻	trách	ai	60
帼	quắc	ai	60
帽	mạo	ai	60
幀	trinh	ai	60
幂	mịch	ai	60
幃	vi	ai	60
幄	ác	ai	60
幅	bức	confirmed	90
幌	hoảng	ai	60
幔	mạn	ai	60
幕	mạc	ai	60
幖	phiêu	ai	60
幗	quắc	ai	60
幘	trách	ai	60
幛	chướng	ai	60
幞	phục	ai	60
幟	xí	confirmed	90
幡	phiên	ai	60
幢	tràng	ai	60
幣	tệ	ai	60
幪	mông	ai	60
幫	bang	ai	60
幬	trù	ai	60
干	can	confirmed	90
干	cán	ai	60
平	bình	confirmed	90
年	niên	ai	60
并	tịnh	ai	60
并	bính	ai	60
幸	hạnh	ai	60
幹	cán	ai	60
幺	yêu	ai	60
幻	huyễn	ai	60
幼	ấu	confirmed	90
幽	u	ai	60
幾	kỷ	ai	60
幾	cơ	ai	60
广	quảng	confirmed	90
庄	trang	confirmed	90
庆	khánh	confirmed	90
庇	tý	ai	60
床	sàng	confirmed	90
庋	kỷ	ai	60
序	tự	ai	60
庐	lư	ai	60
庑	vũ	ai	60
库	khố	ai	60
应	ứng	confirmed	90
底	để	confirmed	90
庖	bào	ai	60
店	điếm	confirmed	90
庙	miếu	confirmed	90
庚	canh	confirmed	90
府	phủ	confirmed	90
庞	bàng	ai	60
废	phế	confirmed	90
庠	tường	ai	60
庤	trĩ	ai	60
庥	hưu	ai	60
度	độ	confirmed	90
度	đạc	ai	60
座	tọa	ai	60
庫	khố	ai	60
庭	đình	confirmed	90
庱	sính	ai	60
庳	bì	ai	60
庵	am	confirmed	90
庶	thứ	confirmed	90
康	khang	confirmed	90
庸	dong	ai	60
庹	thỏa	ai	60
庼	khoảnh	ai	60
庾	dữu	ai	60
廁	xí	confirmed	90
廂	sương	ai	60
廄	cứu	ai	60
廆	hối	ai	60
廈	hạ	ai	60
廉	liêm	confirmed	90
廊	lang	confirmed	90
廋	sưu	ai	60
廎	khoảnh	ai	60
廑	cần	ai	60
廒	ngao	ai	60
廓	khuếch	ai	60
廖	liêu	ai	60
廙	dực	ai	60
廚	trù	ai	60
廛	triền	ai	60
廝	tư	ai	60
廞	hâm	ai	60
廟	miếu	confirmed	90
廠	xưởng	confirmed	90
廡	vũ	ai	60
廢	phế	confirmed	90
廣	quảng	confirmed	90
廨	giải	ai	60
廩	lẫm	confirmed	90
廪	lẫm	confirmed	90
廬	lư	ai	60
廳	sảnh	ai	60
延	diên	ai	60
廷	đình	confirmed	90
建	kiến	confirmed	90
廿	niệm	ai	60
开	khai	confirmed	90
弁	biện	ai	60
异	dị	ai	60
弃	khí	ai	60
弄	lộng	confirmed	90
弆	cử	ai	60
弇	yểm	ai	60
弈	dịch	ai	60
弊	tệ	confirmed	90
弋	dặc	confirmed	90
式	thức	confirmed	90
弑	thí	confirmed	90
弒	thí	ai	60
弓	cung	confirmed	90
引	dẫn	confirmed	90
弗	phất	confirmed	90
弘	hoằng	ai	60
弛	trì	ai	60
弟	đệ	confirmed	90
张	trương	confirmed	90
弢	thao	ai	60
弥	di	ai	60
弦	huyền	ai	60
弧	hồ	ai	60
弨	xạo	ai	60
弩	nỗ	ai	60
弭	nhị	ai	60
弯	loan	ai	60
弱	nhược	confirmed	90
張	trương	confirmed	90
張	trướng	ai	60
弶	cương	ai	60
強	cường	ai	60
強	cưỡng	ai	60
強	càng	confirmed	90
弸	bằng	ai	60
弹	đạn	ai	60
弹	đàn	confirmed	90
强	cường	ai	60
强	cưỡng	ai	60
弼	bật	ai	60
彀	cấu	ai	60
彄	khu	ai	60
彆	biệt	ai	60
彈	đạn	ai	60
彈	đàn	confirmed	90
彌	di	ai	60
彎	loan	ai	60
归	quy	ai	60
当	đương	confirmed	90
当	đáng	ai	60
录	lục	ai	60
彖	thoán	ai	60
彗	tuệ	ai	60
彘	trệ	ai	60
彙	hối	ai	60
彝	di	ai	60
彞	di	ai	60
彟	hoạch	ai	60
彠	hoạch	ai	60
形	hình	confirmed	90
彤	đồng	ai	60
彥	ngạn	ai	60
彦	ngạn	ai	60
彧	úc	ai	60
彩	thái	confirmed	90
彪	bưu	ai	60
彬	bân	ai	60
彭	bành	confirmed	90
彰	chương	ai	60
影	ảnh	confirmed	90
彳	xích	ai	60
彷	bàng	ai	60
彷	phảng	confirmed	90
役	dịch	confirmed	90
彻	triệt	confirmed	90
彼	bỉ	confirmed	90
往	vãng	confirmed	90
征	chinh	confirmed	90
徂	tồ	ai	60
径	kính	ai	60
待	đãi	confirmed	90
徇	tuẫn	ai	60
很	hẫn	ai	60
徉	dương	ai	60
徊	hồi	confirmed	90
律	luật	confirmed	90
後	hậu	confirmed	90
徐	từ	ai	60
徑	kính	ai	60
徒	đồ	confirmed	90
徕	lai	ai	60
得	đắc	confirmed	90
徘	bồi	confirmed	90
徙	tỷ	ai	60
徛	kỹ	ai	60
徜	thường	ai	60
從	tòng	confirmed	90
從	tùng	ai	60
徠	lai	ai	60
御	ngự	confirmed	90
徨	hoàng	ai	60
復	phục	ai	60
循	tuần	ai	60
徭	dao	ai	60
微	vi	confirmed	90
徵	trưng	confirmed	90
徵	trĩ	ai	60
德	đức	confirmed	90
徹	triệt	confirmed	90
徼	kiếu	ai	60
徼	yêu	ai	60
徽	huy	ai	60
心	tâm	confirmed	90
必	tất	confirmed	90
忆	ức	confirmed	90
忉	đao	ai	60
忌	kỵ	confirmed	90
忍	nhẫn	confirmed	90
忏	sám	confirmed	90
忐	thảm	ai	60
忑	thắc	confirmed	90
忒	thắc	confirmed	90
忖	thốn	ai	60
志	chí	confirmed	90
忘	vong	confirmed	90
忙	mang	confirmed	90
忝	thiểm	ai	60
忞	mân	ai	60
忠	trung	confirmed	90
忡	xung	ai	60
忤	ngỗ	confirmed	90
忧	ưu	confirmed	90
忪	chung	ai	60
快	khoái	confirmed	90
忭	biện	ai	60
忮	kỹ	ai	60
忱	thầm	confirmed	90
忳	truân	ai	60
念	niệm	confirmed	90
忸	nữu	ai	60
忺	hiêm	ai	60
忻	hân	ai	60
忽	hốt	confirmed	90
忾	khái	ai	60
忿	phẫn	confirmed	90
怀	hoài	confirmed	90
态	thái	confirmed	90
怂	túng	confirmed	90
怃	vũ	ai	60
怄	ẩu	ai	60
怅	trướng	ai	60
怆	sảng	ai	60
怊	siêu	ai	60
怍	tạc	confirmed	90
怎	chẩm	ai	60
怏	ưởng	ai	60
怒	nộ	confirmed	90
怔	chinh	ai	60
怕	phạ	ai	60
怖	bố	confirmed	90
怙	hỗ	ai	60
怛	đát	ai	60
怜	liên	ai	60
思	tư	confirmed	90
思	tứ	ai	60
怠	đãi	ai	60
怡	di	ai	60
急	cấp	confirmed	90
怦	phanh	ai	60
性	tính	confirmed	90
怨	oán	confirmed	90
怩	nê	ai	60
怪	quái	ai	60
怫	phất	ai	60
怯	khiếp	confirmed	90
怵	truật	ai	60
总	tổng	confirmed	90
怼	đỗi	ai	60
怿	dịch	ai	60
恁	nhẫm	ai	60
恂	tuân	ai	60
恃	thị	ai	60
恆	hằng	ai	60
恋	luyến	confirmed	90
恍	hoảng	confirmed	90
恐	khủng	confirmed	90
恒	hằng	ai	60
恓	tê	ai	60
恔	hiệu	ai	60
恕	thứ	confirmed	90
恙	dạng	ai	60
恚	huệ	ai	60
恝	kiết	ai	60
恢	khôi	ai	60
恣	tứ	ai	60
恤	tuất	ai	60
恥	sỉ	ai	60
恧	nục	ai	60
恨	hận	confirmed	90
恩	ân	confirmed	90
恪	khác	confirmed	90
恫	đỗng	ai	60
恬	điềm	confirmed	90
恭	cung	confirmed	90
息	tức	confirmed	90
恰	kháp	ai	60
恳	khẩn	ai	60
恶	ác	confirmed	90
恶	ố	ai	60
恶	ô	ai	60
恸	đỗng	ai	60
恹	yêm	ai	60
恺	khải	ai	60
恻	trắc	ai	60
恼	não	confirmed	90
恽	uẩn	ai	60
恿	dũng	ai	60
悃	khổn	ai	60
悄	tiễu	ai	60
悄	thiểu	ai	60
悅	duyệt	ai	60
悆	dự	ai	60
悈	giới	ai	60
悉	tất	ai	60
悌	đễ	confirmed	90
悍	hãn	confirmed	90
悒	ấp	ai	60
悔	hối	confirmed	90
悖	bội	ai	60
悚	tủng	ai	60
悛	thuyên	ai	60
悝	khôi	ai	60
悟	ngộ	ai	60
悠	du	ai	60
悢	lượng	ai	60
患	hoạn	confirmed	90
悦	duyệt	ai	60
您	nâm	ai	60
悫	khác	ai	60
悬	huyền	ai	60
悭	khan	ai	60
悯	mẫn	confirmed	90
悰	tông	ai	60
悱	phỉ	ai	60
悲	bi	confirmed	90
悴	tụy	ai	60
悵	trướng	ai	60
悶	muộn	ai	60
悶	môn	ai	60
悸	quý	ai	60
悻	hãnh	ai	60
悼	điệu	confirmed	90
情	tình	confirmed	90
惆	trù	ai	60
惇	đôn	ai	60
惊	kinh	confirmed	90
惋	oản	ai	60
惎	kỵ	ai	60
惑	hoặc	confirmed	90
惔	đàm	ai	60
惕	dịch	ai	60
惘	võng	ai	60
惙	xuyết	ai	60
惚	hốt	confirmed	90
惛	hôn	confirmed	90
惜	tích	ai	60
惝	thảng	ai	60
惟	duy	ai	60
惠	huệ	confirmed	90
惡	ác	confirmed	90
惡	ố	ai	60
惡	ô	ai	60
惦	điếm	confirmed	90
惧	cụ	ai	60
惨	thảm	confirmed	90
惩	trừng	confirmed	90
惫	bại	ai	60
惬	khiếp	ai	60
惭	tàm	ai	60
惮	đạn	ai	60
惯	quán	ai	60
惰	nọa	ai	60
惱	não	confirmed	90
惲	uẩn	ai	60
想	tưởng	confirmed	90
惴	chuý	ai	60
惶	hoàng	confirmed	90
惹	nhạ	ai	60
惺	tinh	ai	60
惻	trắc	ai	60
愀	thiểu	ai	60
愁	sầu	confirmed	90
愃	tuyên	ai	60
愆	khiên	ai	60
愈	dũ	ai	60
愉	du	ai	60
愍	mẫn	confirmed	90
愎	phức	ai	60
意	ý	confirmed	90
愐	miễn	ai	60
愔	âm	ai	60
愕	ngạc	confirmed	90
愚	ngu	confirmed	90
愛	ái	ai	60
愜	khiếp	ai	60
感	cảm	confirmed	90
愠	uấn	ai	60
愣	lăng	ai	60
愤	phẫn	confirmed	90
愦	hội	ai	60
愧	quý	ai	60
愨	khác	ai	60
愫	tố	ai	60
愭	kỳ	ai	60
愴	sảng	ai	60
愷	khải	ai	60
愾	khái	ai	60
愾	hí	ai	60
愿	nguyện	confirmed	90
慄	lật	confirmed	90
慆	thao	ai	60
慈	từ	confirmed	90
慊	khiểm	ai	60
態	thái	confirmed	90
慌	hoảng	confirmed	90
慍	uấn	ai	60
慎	thận	confirmed	90
慑	nhiếp	ai	60
慕	mộ	confirmed	90
慘	thảm	confirmed	90
慚	tàm	ai	60
慝	thắc	ai	60
慟	đỗng	ai	60
慢	mạn	confirmed	90
慣	quán	ai	60
慤	khác	ai	60
慥	tháo	ai	60
慧	tuệ	ai	60
慨	khái	confirmed	90
慪	ẩu	ai	60
慫	tủng	ai	60
慬	cần	ai	60
慭	hấn	ai	60
慮	lự	confirmed	90
慰	úy	confirmed	90
慳	khan	ai	60
慵	dong	ai	60
慶	khánh	confirmed	90
慷	khảng	confirmed	90
憂	ưu	confirmed	90
憊	bại	ai	60
憋	biết	ai	60
憎	tăng	ai	60
憐	liên	ai	60
憑	bằng	confirmed	90
憒	hội	ai	60
憔	tiều	confirmed	90
憕	trừng	ai	60
憖	ngận	ai	60
憙	hỷ	ai	60
憚	đạn	ai	60
憤	phẫn	confirmed	90
憧	xung	ai	60
憨	hàm	ai	60
憩	khế	ai	60
憫	mẫn	confirmed	90
憬	cảnh	ai	60
憭	liệu	ai	60
憮	vũ	ai	60
憲	hiến	confirmed	90
憶	ức	confirmed	90
憷	sở	ai	60
憺	đạm	ai	60
憾	hám	confirmed	90
懂	đổng	ai	60
懇	khẩn	ai	60
懈	giải	ai	60
應	ứng	confirmed	90
應	ưng	ai	60
懊	áo	ai	60
懋	mậu	ai	60
懌	dịch	ai	60
懍	lẫm	ai	60
懑	muộn	ai	60
懒	lãn	ai	60
懔	lẫm	ai	60
懞	mông	ai	60
懟	đỗi	ai	60
懣	muộn	ai	60
懦	nhu	ai	60
懨	yêm	ai	60
懲	trừng	confirmed	90
懵	mộng	ai	60
懶	lãn	ai	60
懷	hoài	confirmed	90
懸	huyền	ai	60
懺	sám	confirmed	90
懼	cụ	ai	60
懾	nhiếp	ai	60
懿	ý	ai	60
戀	luyến	confirmed	90
戆	tráng	ai	60
戇	tráng	ai	60
戇	chàng	ai	60
戈	qua	confirmed	90
戊	mậu	confirmed	90
戋	tiên	ai	60
戌	tuất	confirmed	90
戍	thú	confirmed	90
戎	nhung	confirmed	90
戏	hí	confirmed	90
成	thành	confirmed	90
我	ngã	confirmed	90
戒	giới	confirmed	90
戔	tiên	ai	60
戕	tường	ai	60
或	hoặc	confirmed	90
戗	thương	ai	60
战	chiến	confirmed	90
戚	thích	confirmed	90
戛	kiết	ai	60
戟	kích	confirmed	90
戠	thức	ai	60
戡	kham	ai	60
戢	tập	ai	60
戣	quỳ	ai	60
戤	cái	ai	60
戥	đẳng	ai	60
戧	thương	ai	60
戩	tiễn	ai	60
截	tiệt	confirmed	90
戬	tiễn	ai	60
戭	diễn	ai	60
戮	lục	ai	60
戰	chiến	confirmed	90
戲	hí	confirmed	90
戳	trác	ai	60
戴	đái	ai	60
戶	hộ	ai	60
户	hộ	confirmed	90
戽	hố	ai	60
戾	lệ	confirmed	90
房	phòng	confirmed	90
所	sở	ai	60
扁	biển	confirmed	90
扁	phiến	ai	60
扂	điếm	ai	60
扃	quynh	ai	60
扅	di	ai	60
扆	ỷ	ai	60
扇	phiến	confirmed	90
扈	hỗ	ai	60
扉	phi	ai	60
扊	diễm	ai	60
手	thủ	confirmed	90
才	tài	confirmed	90
扎	trát	confirmed	90
扑	phác	ai	60
扒	bái	ai	60
扒	bát	ai	60
打	đả	confirmed	90
扔	nhưng	ai	60
托	thác	confirmed	90
扛	giang	ai	60
扛	kháng	ai	60
扞	hãn	ai	60
扣	khấu	confirmed	90
扦	thiên	ai	60
执	chấp	confirmed	90
扩	khoách	ai	60
扪	môn	ai	60
扫	tảo	confirmed	90
扬	dương	confirmed	90
扭	nữu	ai	60
扮	bạn	ai	60
扯	xả	ai	60
扰	nhiễu	confirmed	90
扳	ban	ai	60
扶	phù	confirmed	90
批	phê	confirmed	90
扺	chỉ	confirmed	90
扼	ách	confirmed	90
扽	đốn	ai	60
找	trảo	ai	60
承	thừa	confirmed	90
技	kỹ	confirmed	90
抃	biện	ai	60
抄	sao	confirmed	90
抉	quyết	ai	60
把	bả	ai	60
抑	ức	confirmed	90
抒	trữ	confirmed	90
抓	trảo	ai	60
抔	bồi	confirmed	90
投	đầu	confirmed	90
抖	đẩu	ai	60
抗	kháng	confirmed	90
折	chiết	confirmed	90
折	triết	ai	60
抚	phủ	ai	60
抛	phao	confirmed	90
抟	đoàn	ai	60
抠	khu	ai	60
抡	luân	ai	60
抢	thương	ai	60
抢	thưởng	ai	60
护	hộ	confirmed	90
报	báo	confirmed	90
抨	phanh	ai	60
披	phi	ai	60
抬	đài	ai	60
抱	bão	confirmed	90
抵	để	ai	60
抹	mạt	ai	60
抻	thân	ai	60
押	áp	confirmed	90
抽	trừu	confirmed	90
抿	mẫn	ai	60
拂	phất	confirmed	90
拃	trách	ai	60
拄	trụ	ai	60
担	đảm	confirmed	90
担	đãm	ai	60
拆	sách	confirmed	90
拇	mẫu	ai	60
拈	niêm	ai	60
拉	lạp	ai	60
拊	phụ	ai	60
拋	phao	ai	60
拌	bạn	ai	60
拍	phách	ai	60
拎	linh	ai	60
拐	quải	confirmed	90
拒	cự	confirmed	90
拓	thác	ai	60
拔	bạt	confirmed	90
拖	tha	ai	60
拗	ảo	ai	60
拗	nữu	ai	60
拘	câu	confirmed	90
拙	chuyết	ai	60
招	chiêu	confirmed	90
拜	bái	confirmed	90
拟	nghĩ	confirmed	90
拢	lũng	ai	60
拣	giản	ai	60
拤	tạp	ai	60
拥	ủng	ai	60
拦	lan	ai	60
拧	ninh	ai	60
拧	nịnh	ai	60
拨	bát	ai	60
择	trạch	confirmed	90
括	quát	confirmed	90
拭	thức	ai	60
拮	kiết	ai	60
拮	cát	ai	60
拯	chửng	confirmed	90
拱	củng	ai	60
拳	quyền	confirmed	90
拴	thuyên	ai	60
拶	toản	ai	60
拶	tán	ai	60
拷	khảo	ai	60
拼	phanh	confirmed	90
拼	bính	ai	60
拽	duệ	ai	60
拽	dạ	ai	60
拾	thập	confirmed	90
拾	thiệp	ai	60
拿	nã	confirmed	90
持	trì	confirmed	90
挂	quải	ai	60
指	chỉ	confirmed	90
挈	khiết	ai	60
按	án	confirmed	90
挎	khóa	ai	60
挑	khiêu	ai	60
挑	thao	ai	60
挓	tra	ai	60
挖	oạt	ai	60
挚	chí	ai	60
挛	luyến	ai	60
挝	qua	ai	60
挝	thoa	ai	60
挞	thát	ai	60
挟	hiệp	ai	60
挟	tiếp	ai	60
挠	nạo	ai	60
挠	nao	ai	60
挡	đáng	ai	60
挡	đảng	ai	60
挣	tránh	confirmed	90
挣	tranh	ai	60
挤	tễ	ai	60
挥	huy	confirmed	90
挦	triêm	ai	60
挨	ai	ai	60
挪	na	ai	60
挫	tỏa	ai	60
振	chấn	confirmed	90
挲	sa	ai	60
挲	ta	ai	60
挹	ấp	ai	60
挺	đĩnh	ai	60
挽	vãn	ai	60
挾	hiệp	ai	60
捂	ố	ai	60
捃	quấn	ai	60
捅	thống	ai	60
捆	khổn	ai	60
捉	tróc	confirmed	90
捋	loát	ai	60
捋	lữ	ai	60
捌	bát	ai	60
捍	hãn	ai	60
捎	sao	ai	60
捎	sảo	ai	60
捏	niết	ai	60
捐	quyên	confirmed	90
捕	bộ	ai	60
捞	lao	ai	60
损	tổn	ai	60
捡	kiểm	ai	60
换	hoán	ai	60
捣	đảo	ai	60
捧	phủng	ai	60
捨	xả	confirmed	90
捩	lệ	ai	60
捫	môn	ai	60
捭	bãi	ai	60
据	cứ	confirmed	90
捯	đảo	ai	60
捲	quyển	ai	60
捶	chủy	ai	60
捷	tiệp	confirmed	90
捺	nại	ai	60
捻	niệp	ai	60
捻	niên	ai	60
捽	tốt	ai	60
掀	hiên	ai	60
掂	điêm	ai	60
掃	tảo	confirmed	90
掃	táo	ai	60
掄	luân	ai	60
掄	lôn	ai	60
掇	xuyết	ai	60
授	thụ	confirmed	90
掉	điệu	ai	60
掊	bồi	ai	60
掊	phẫu	ai	60
掌	chưởng	ai	60
掎	kỷ	ai	60
掏	đào	confirmed	90
掐	kháp	ai	60
排	bài	confirmed	90
排	bái	ai	60
掖	dịch	ai	60
掘	quật	confirmed	90
掙	tránh	confirmed	90
掙	tranh	ai	60
掛	quải	ai	60
掞	diệm	ai	60
掞	thiểm	ai	60
掠	lược	ai	60
採	thái	confirmed	90
探	thám	confirmed	90
掣	xiết	confirmed	90
掣	xế	ai	60
接	tiếp	confirmed	90
控	khống	confirmed	90
推	suy	confirmed	90
推	thôi	ai	60
掩	yểm	ai	60
措	thố	confirmed	90
掬	cúc	confirmed	90
掭	thiệm	ai	60
掮	kiên	ai	60
掰	bài	ai	60
掳	lỗ	ai	60
掴	quắc	ai	60
掷	trịch	confirmed	90
掸	đạn	ai	60
掸	thiền	ai	60
掺	sảm	ai	60
掺	sam	ai	60
掼	quán	ai	60
掾	duyện	ai	60
揀	giản	ai	60
揄	du	ai	60
揆	quỹ	ai	60
揉	nhu	ai	60
揍	tấu	ai	60
描	miêu	confirmed	90
提	đề	confirmed	90
提	thì	ai	60
插	sáp	ai	60
揕	châm	ai	60
揖	ấp	ai	60
揚	dương	confirmed	90
換	hoán	ai	60
揠	yết	ai	60
握	ác	ai	60
揣	sủy	ai	60
揣	đoàn	ai	60
揩	khai	ai	60
揪	thu	ai	60
揭	yết	confirmed	90
揭	kiết	ai	60
揮	huy	confirmed	90
揳	tiết	ai	60
援	viện	confirmed	90
揶	da	ai	60
揸	tra	ai	60
揽	lãm	confirmed	90
揿	khấm	ai	60
搀	sam	ai	60
搁	các	ai	60
搂	lâu	ai	60
搂	lũ	ai	60
搅	giảo	ai	60
搋	sủy	ai	60
搌	triển	ai	60
損	tổn	ai	60
搏	bác	ai	60
搐	súc	ai	60
搒	bảng	ai	60
搒	bàng	ai	60
搓	tha	ai	60
搔	tao	ai	60
搖	dao	ai	60
搗	đảo	ai	60
搛	kiêm	ai	60
搜	sưu	confirmed	90
搞	cảo	ai	60
搠	sóc	ai	60
搡	tảng	ai	60
搦	nược	ai	60
搪	đường	ai	60
搬	ban	ai	60
搭	đáp	ai	60
搴	khiên	ai	60
搶	thương	ai	60
搶	thảng	ai	60
携	huề	confirmed	90
搽	trà	ai	60
摁	án	ai	60
摄	nhiếp	ai	60
摅	sư	ai	60
摆	bãi	ai	60
摇	dao	ai	60
摈	tấn	ai	60
摊	than	ai	60
摏	thung	ai	60
摑	quốc	ai	60
摒	bính	ai	60
摔	suất	ai	60
摘	trích	confirmed	90
摛	si	ai	60
摜	quán	ai	60
摞	lõa	ai	60
摟	lâu	ai	60
摟	lũ	ai	60
摧	tồi	ai	60
摩	ma	ai	60
摭	chích	ai	60
摯	chí	ai	60
摳	khu	ai	60
摴	sư	ai	60
摶	đoàn	ai	60
摸	mạc	ai	60
摹	mô	ai	60
摺	chiết	ai	60
摺	triệp	ai	60
摻	sảm	ai	60
摻	sam	ai	60
摽	phiếu	ai	60
摽	biểu	ai	60
撂	liệu	ai	60
撄	anh	ai	60
撅	quyết	ai	60
撇	phiết	ai	60
撈	lao	ai	60
撏	tầm	ai	60
撐	xanh	ai	60
撑	xanh	ai	60
撒	tát	confirmed	90
撓	nạo	ai	60
撓	nao	ai	60
撕	tê	ai	60
撖	hãn	ai	60
撙	tổn	ai	60
撝	huy	ai	60
撞	chàng	confirmed	90
撣	đạn	ai	60
撣	thiền	ai	60
撤	triệt	confirmed	90
撥	bát	ai	60
撩	liêu	ai	60
撩	liệu	ai	60
撫	phủ	ai	60
撬	khiêu	ai	60
播	bá	ai	60
撮	toát	confirmed	90
撰	soạn	confirmed	90
撲	phác	ai	60
撳	khấm	ai	60
撵	niễn	ai	60
撷	hiệt	ai	60
撸	lỗ	ai	60
撺	thoản	ai	60
撻	thát	ai	60
撼	hám	ai	60
撾	qua	ai	60
撿	kiểm	ai	60
擀	cán	ai	60
擁	ủng	ai	60
擂	lôi	ai	60
擂	lụy	ai	60
擄	lỗ	ai	60
擅	thiện	ai	60
擇	trạch	confirmed	90
擊	kích	ai	60
擋	đáng	ai	60
擋	đảng	ai	60
操	thao	ai	60
擎	kình	ai	60
擐	hoàn	ai	60
擒	cầm	ai	60
擓	khôi	ai	60
擔	đam	ai	60
擔	đảm	ai	60
擘	phách	ai	60
據	cứ	ai	60
擞	tẩu	ai	60
擠	tễ	ai	60
擢	trạc	ai	60
擤	hỉnh	ai	60
擦	sát	ai	60
擬	nghĩ	confirmed	90
擯	tấn	ai	60
擰	ninh	ai	60
擰	nính	ai	60
擱	các	ai	60
擲	trịch	confirmed	90
擴	khoách	ai	60
擴	khuếch	ai	60
擷	hiệt	ai	60
擺	bãi	ai	60
擻	tẩu	ai	60
擼	lỗ	ai	60
擾	nhiễu	confirmed	90
擿	trích	ai	60
攀	phàn	ai	60
攄	sư	ai	60
攆	niễn	ai	60
攉	hoắc	ai	60
攏	lũng	ai	60
攒	toàn	ai	60
攒	tán	ai	60
攔	lan	ai	60
攖	anh	ai	60
攘	nhương	ai	60
攙	sam	ai	60
攛	thoán	ai	60
攜	huề	confirmed	90
攝	nhiếp	ai	60
攢	toàn	ai	60
攢	tán	ai	60
攣	luyên	ai	60
攤	than	ai	60
攥	toản	ai	60
攪	giảo	ai	60
攫	quặc	ai	60
攬	lãm	confirmed	90
攮	nãng	ai	60
支	chi	confirmed	90
收	thu	confirmed	90
攸	du	ai	60
改	cải	ai	60
攻	công	confirmed	90
攽	ban	ai	60
放	phóng	confirmed	90
政	chính	confirmed	90
故	cố	confirmed	90
效	hiệu	confirmed	90
敉	mễ	ai	60
敌	địch	confirmed	90
敏	mẫn	confirmed	90
救	cứu	confirmed	90
敔	ngữ	ai	60
敕	sắc	confirmed	90
敖	ngao	ai	60
敗	bại	confirmed	90
敘	tự	confirmed	90
教	giáo	confirmed	90
教	giao	ai	60
敛	liễm	ai	60
敝	tệ	confirmed	90
敞	sưởng	ai	60
敢	cảm	ai	60
散	tán	ai	60
散	tản	confirmed	90
敦	đôn	confirmed	90
敩	hiệu	ai	60
敫	kiểu	ai	60
敬	kính	confirmed	90
数	số	confirmed	90
数	sổ	ai	60
敲	xao	confirmed	90
整	chỉnh	confirmed	90
敵	địch	confirmed	90
敷	phu	ai	60
數	số	confirmed	90
數	sổ	ai	60
數	sác	ai	60
斂	liễm	ai	60
斃	tễ	ai	60
斆	hiệu	ai	60
文	văn	confirmed	90
斋	trai	ai	60
斌	bân	ai	60
斐	phỉ	confirmed	90
斑	ban	ai	60
斓	lan	ai	60
斕	lan	ai	60
斗	đấu	confirmed	90
斗	đẩu	ai	60
料	liệu	confirmed	90
斛	hộc	ai	60
斜	tà	confirmed	90
斝	giả	ai	60
斟	châm	confirmed	90
斠	giác	ai	60
斡	oát	ai	60
斤	cân	confirmed	90
斥	xích	ai	60
斧	phủ	ai	60
斩	trảm	confirmed	90
斫	chước	ai	60
斬	trảm	confirmed	90
断	đoạn	confirmed	90
斯	tư	ai	60
新	tân	confirmed	90
斶	xúc	ai	60
斷	đoạn	ai	60
方	phương	confirmed	90
於	ư	confirmed	90
於	ô	ai	60
施	thi	confirmed	90
旁	bàng	confirmed	90
旃	chiên	ai	60
旄	mao	ai	60
旅	lữ	confirmed	90
旆	bái	ai	60
旋	toàn	confirmed	90
旋	tuyền	ai	60
旌	tinh	confirmed	90
旎	nỉ	ai	60
族	tộc	confirmed	90
旐	triệu	ai	60
旒	lưu	ai	60
旖	y	ai	60
旗	kỳ	ai	60
旞	toại	ai	60
无	vô	confirmed	90
既	ký	ai	60
日	nhật	confirmed	90
旦	đán	confirmed	90
旧	cựu	ai	60
旨	chỉ	confirmed	90
早	tảo	confirmed	90
旬	tuần	ai	60
旭	húc	ai	60
旮	ca	ai	60
旯	lạp	ai	60
旰	cán	ai	60
旱	hạn	confirmed	90
旴	hu	ai	60
旵	sản	ai	60
时	thời	ai	60
旷	khoáng	ai	60
旸	dương	ai	60
旺	vượng	confirmed	90
旻	mân	ai	60
旿	ngộ	ai	60
昀	quân	ai	60
昂	ngang	confirmed	90
昃	trắc	ai	60
昄	bản	ai	60
昆	côn	ai	60
昇	thăng	confirmed	90
昈	hộ	ai	60
昉	phảng	ai	60
昊	hạo	ai	60
昌	xương	ai	60
明	minh	confirmed	90
昏	hôn	confirmed	90
昒	hốt	ai	60
易	dịch	confirmed	90
昔	tích	confirmed	90
昕	hân	ai	60
昙	đàm	ai	60
昝	tảm	ai	60
星	tinh	confirmed	90
映	ánh	confirmed	90
昡	huyễn	ai	60
昣	chẩn	ai	60
昤	linh	ai	60
春	xuân	ai	60
昧	muội	confirmed	90
昨	tạc	ai	60
昪	biện	ai	60
昫	hú	ai	60
昭	chiêu	ai	60
是	thị	confirmed	90
昱	dục	ai	60
昳	điệt	ai	60
昴	mão	ai	60
昵	nật	ai	60
昶	sưởng	ai	60
昺	bỉnh	ai	60
昼	trú	ai	60
昽	lung	ai	60
显	hiển	confirmed	90
晁	triều	ai	60
時	thời	ai	60
晃	hoảng	ai	60
晅	huyên	ai	60
晉	tấn	ai	60
晊	chất	ai	60
晋	tấn	ai	60
晌	thưởng	ai	60
晏	yến	ai	60
晐	cai	ai	60
晒	sái	ai	60
晓	hiểu	ai	60
晔	diệp	ai	60
晕	vựng	ai	60
晕	vân	ai	60
晖	huy	ai	60
晗	hàm	ai	60
晙	tuấn	ai	60
晚	vãn	confirmed	90
晛	hiện	ai	60
晝	trú	ai	60
晞	hi	ai	60
晟	thịnh	ai	60
晡	bô	ai	60
晢	triết	ai	60
晤	ngộ	ai	60
晦	hối	ai	60
晨	thần	confirmed	90
晪	thiển	ai	60
晫	trác	ai	60
普	phổ	confirmed	90
景	cảnh	confirmed	90
晰	tích	ai	60
晱	thiểm	ai	60
晴	tình	ai	60
晶	tinh	confirmed	90
晷	quỹ	ai	60
智	trí	confirmed	90
晾	lượng	ai	60
暂	tạm	confirmed	90
暄	huyên	confirmed	90
暅	cắng	ai	60
暇	hạ	confirmed	90
暈	vựng	ai	60
暈	vận	ai	60
暉	huy	ai	60
暌	khuê	ai	60
暐	vĩ	ai	60
暑	thử	ai	60
暕	giản	ai	60
暖	noãn	ai	60
暗	ám	confirmed	90
暘	dương	ai	60
暝	minh	ai	60
暢	sướng	confirmed	90
暧	ái	ai	60
暨	kị	ai	60
暫	tạm	confirmed	90
暮	mộ	confirmed	90
暲	chương	ai	60
暴	bạo	confirmed	90
暴	bộc	ai	60
暵	hạn	ai	60
暶	tuyền	ai	60
暹	xiêm	confirmed	90
暾	đôn	ai	60
暿	hi	ai	60
曄	diệp	ai	60
曆	lịch	confirmed	90
曇	đàm	ai	60
曈	đồng	ai	60
曉	hiểu	ai	60
曌	chiếu	ai	60
曏	hướng	ai	60
曖	ái	ai	60
曙	thự	ai	60
曛	huân	ai	60
曜	diệu	ai	60
曝	bộc	ai	60
曠	khoáng	ai	60
曦	hi	ai	60
曨	lung	ai	60
曩	nẵng	ai	60
曬	sái	ai	60
曰	viết	confirmed	90
曲	khúc	confirmed	90
曳	duệ	ai	60
更	canh	confirmed	90
更	cánh	confirmed	90
曷	hạt	confirmed	90
書	thư	confirmed	90
曹	tào	confirmed	90
曼	mạn	ai	60
曾	tằng	confirmed	90
曾	tăng	ai	60
替	thế	confirmed	90
最	tối	confirmed	90
會	hội	confirmed	90
月	nguyệt	confirmed	90
有	hữu	confirmed	90
有	hựu	ai	60
朋	bằng	confirmed	90
服	phục	confirmed	90
服	phặc	ai	60
朏	phỉ	ai	60
朐	cù	ai	60
朐	húc	ai	60
朓	thiểu	ai	60
朔	sóc	confirmed	90
朕	trẫm	confirmed	90
朗	lãng	confirmed	90
望	vọng	confirmed	90
朝	triều	confirmed	90
朝	trào	ai	60
期	kỳ	confirmed	90
期	cơ	ai	60
朦	mông	confirmed	90
朧	lung	ai	60
木	mộc	confirmed	90
未	vị	ai	60
末	mạt	confirmed	90
本	bản	confirmed	90
札	trát	confirmed	90
术	thuật	confirmed	90
术	truật	ai	60
朱	chu	ai	60
朳	bát	ai	60
朴	phác	confirmed	90
朴	phu	ai	60
朵	đóa	confirmed	90
朸	lực	ai	60
机	cơ	confirmed	90
朽	hủ	confirmed	90
杀	sát	confirmed	90
杂	tạp	confirmed	90
权	quyền	confirmed	90
杄	thiên	ai	60
杆	can	ai	60
杆	cán	ai	60
杈	xoa	ai	60
杉	sam	ai	60
杌	ngột	ai	60
李	lý	confirmed	90
杏	hạnh	confirmed	90
材	tài	ai	60
村	thôn	confirmed	90
杓	chước	ai	60
杓	tiêu	ai	60
杕	đệ	ai	60
杖	trượng	confirmed	90
杙	dặc	ai	60
杜	đỗ	confirmed	90
杞	kỷ	ai	60
束	thúc	ai	60
杠	giang	ai	60
条	điều	confirmed	90
来	lai	confirmed	90
杧	mang	ai	60
杨	dương	confirmed	90
杩	mã	ai	60
杪	diểu	ai	60
杭	hàng	ai	60
杯	bôi	confirmed	90
杰	kiệt	confirmed	90
東	đông	confirmed	90
杲	cảo	ai	60
杳	yểu	ai	60
杵	xử	ai	60
杷	bà	ai	60
杻	nữu	ai	60
杼	trữ	ai	60
松	tùng	confirmed	90
板	bản	ai	60
极	cực	confirmed	90
构	cấu	ai	60
枅	kê	ai	60
枇	tỳ	ai	60
枉	uổng	confirmed	90
枋	phương	ai	60
枍	ý	ai	60
析	tích	ai	60
枕	chẩm	ai	60
林	lâm	confirmed	90
枘	nhuế	ai	60
枚	mai	confirmed	90
果	quả	confirmed	90
枝	chi	confirmed	90
枞	tung	ai	60
枢	xu	confirmed	90
枣	táo	confirmed	90
枥	lịch	ai	60
枧	kiển	ai	60
枨	trành	ai	60
枪	thương	confirmed	90
枫	phong	confirmed	90
枭	kiêu	ai	60
枯	khô	confirmed	90
枰	bình	ai	60
枲	tỷ	ai	60
枳	chỉ	ai	60
枵	hiêu	ai	60
架	giá	confirmed	90
枷	gia	ai	60
枸	cẩu	ai	60
枸	câu	ai	60
枹	bào	ai	60
柁	đà	ai	60
柃	linh	ai	60
柄	bính	confirmed	90
柈	bàn	ai	60
柊	chung	ai	60
柏	bách	confirmed	90
某	mỗ	confirmed	90
柑	cam	confirmed	90
柒	thất	ai	60
染	nhiễm	ai	60
柔	nhu	confirmed	90
柖	thiều	ai	60
柘	chá	ai	60
柙	hạp	ai	60
柚	dữu	ai	60
柚	trục	ai	60
柜	quỹ	ai	60
柝	thác	ai	60
柞	tạc	ai	60
柠	ninh	ai	60
柢	để	ai	60
查	tra	confirmed	90
柩	cữu	confirmed	90
柬	giản	ai	60
柯	kha	ai	60
柰	nại	ai	60
柱	trụ	confirmed	90
柳	liễu	confirmed	90
柴	sài	confirmed	90
柵	sách	ai	60
柵	san	ai	60
柷	chúc	ai	60
柽	sanh	ai	60
柿	thị	confirmed	90
栀	chi	ai	60
栅	sách	ai	60
栅	san	ai	60
标	tiêu	ai	60
栈	sạn	confirmed	90
栉	trất	ai	60
栊	lung	ai	60
栋	đống	confirmed	90
栌	lô	ai	60
栎	lịch	ai	60
栏	lan	confirmed	90
栐	vĩnh	ai	60
树	thụ	confirmed	90
栒	tuân	ai	60
栓	xuyên	ai	60
栖	thê	confirmed	90
栗	lật	confirmed	90
栝	quát	ai	60
栟	bôn	ai	60
校	hiệu	confirmed	90
校	giáo	ai	60
栩	hủ	ai	60
株	chu	ai	60
栲	khảo	ai	60
栳	lão	ai	60
栴	chiên	ai	60
样	dạng	confirmed	90
核	hạch	confirmed	90
根	căn	confirmed	90
栻	thức	ai	60
格	cách	confirmed	90
栽	tài	ai	60
栾	loan	ai	60
桀	kiệt	confirmed	90
桁	hành	confirmed	90
桂	quế	confirmed	90
桃	đào	confirmed	90
桄	quang	confirmed	90
桅	vi	ai	60
框	khuông	ai	60
案	án	confirmed	90
桉	án	ai	60
桊	quyến	ai	60
桌	trác	ai	60
桎	chất	ai	60
桐	đồng	ai	60
桑	tang	confirmed	90
桓	hoàn	ai	60
桔	cát	ai	60
桔	quất	ai	60
桕	cữu	ai	60
桠	nha	ai	60
桡	nạo	ai	60
桢	trinh	ai	60
档	đáng	ai	60
桤	khởi	ai	60
桥	kiều	confirmed	90
桦	hoa	ai	60
桧	cối	confirmed	90
桨	tưởng	ai	60
桩	trang	ai	60
桫	sa	ai	60
桯	thinh	ai	60
桲	bột	ai	60
桴	phù	ai	60
桶	thống	ai	60
桷	giác	ai	60
桹	lang	ai	60
桿	cán	ai	60
桿	can	ai	60
梁	lương	confirmed	90
梃	đĩnh	ai	60
梅	mai	confirmed	90
梆	bang	ai	60
梌	đồ	ai	60
梏	cốc	ai	60
梓	tử	ai	60
梔	chi	ai	60
梗	cạnh	ai	60
梘	kiển	ai	60
梜	giáp	ai	60
條	điều	confirmed	90
梟	kiêu	ai	60
梠	lữ	ai	60
梢	sao	ai	60
梣	sầm	ai	60
梦	mộng	ai	60
梧	ngô	ai	60
梨	lê	confirmed	90
梭	thoa	ai	60
梯	thê	ai	60
械	giới	confirmed	90
梲	chuyết	ai	60
梳	sơ	confirmed	90
梴	sâm	ai	60
梵	phạn	ai	60
梼	đào	ai	60
梽	chí	ai	60
梾	lai	ai	60
梿	liên	ai	60
检	kiểm	ai	60
棁	chuyết	ai	60
棂	linh	ai	60
棄	khí	ai	60
棉	miên	ai	60
棋	kỳ	ai	60
棍	côn	confirmed	90
棐	phỉ	ai	60
棒	bổng	ai	60
棓	bồi	ai	60
棕	tông	ai	60
棖	trành	ai	60
棗	táo	confirmed	90
棘	cức	ai	60
棚	bằng	ai	60
棟	đống	confirmed	90
棠	đường	ai	60
棡	cương	ai	60
棣	đệ	ai	60
棤	thác	ai	60
棧	sạn	confirmed	90
棨	khải	ai	60
棪	diễm	ai	60
棫	vực	ai	60
棬	khuyên	ai	60
森	sâm	ai	60
棰	chuỳ	ai	60
棱	lăng	ai	60
棲	thê	ai	60
棵	khoa	ai	60
棶	lai	ai	60
棹	trạo	ai	60
棺	quan	confirmed	90
棻	phân	ai	60
棼	phần	ai	60
棽	sâm	ai	60
椀	oản	ai	60
椁	quách	ai	60
椅	ỷ	ai	60
椆	trù	ai	60
椋	lương	ai	60
植	thực	confirmed	90
椎	chuỳ	ai	60
椏	nha	ai	60
椐	cư	ai	60
椑	bì	ai	60
椒	tiêu	confirmed	90
椓	trác	ai	60
椟	độc	ai	60
椠	sạn	ai	60
椤	la	ai	60
椪	bành	ai	60
椭	thỏa	ai	60
椰	da	confirmed	90
椴	đoạn	ai	60
椸	di	ai	60
椹	thậm	ai	60
椽	duyên	ai	60
椿	xuân	ai	60
楂	tra	ai	60
楊	dương	confirmed	90
楒	ty	ai	60
楓	phong	confirmed	90
楔	tiết	ai	60
楗	kiện	ai	60
楙	mậu	ai	60
楚	sở	confirmed	90
楝	luyện	ai	60
楞	lăng	ai	60
楠	nam	ai	60
楣	mi	ai	60
楦	huyên	ai	60
楨	trinh	ai	60
楩	tiện	ai	60
楪	điệp	ai	60
楫	tiếp	ai	60
業	nghiệp	confirmed	90
楮	chử	ai	60
楯	thuẫn	ai	60
極	cực	confirmed	90
楷	khải	ai	60
楸	thu	ai	60
楹	doanh	ai	60
楼	lâu	ai	60
概	khái	ai	60
榃	đàm	ai	60
榄	lãm	ai	60
榅	ốt	ai	60
榆	du	ai	60
榇	sấn	ai	60
榈	lư	ai	60
榉	cử	ai	60
榍	tiết	ai	60
榑	phù	ai	60
榔	lang	confirmed	90
榕	dung	ai	60
榖	cốc	confirmed	90
榛	trăn	ai	60
榜	bảng	confirmed	90
榧	phỉ	ai	60
榨	trá	ai	60
榪	mã	ai	60
榫	chuẩn	ai	60
榭	tạ	ai	60
榮	vinh	confirmed	90
榰	chi	ai	60
榱	suy	ai	60
榲	uẩn	ai	60
榴	lựu	confirmed	90
榷	các	ai	60
榻	tháp	ai	60
榿	khởi	ai	60
槁	cảo	ai	60
槃	bàn	confirmed	90
槊	sáo	ai	60
構	cấu	ai	60
槌	chuỳ	ai	60
槍	thương	confirmed	90
槎	xoa	ai	60
槐	hòe	confirmed	90
槔	cao	ai	60
槚	giả	ai	60
槛	hạm	ai	60
槛	lam	ai	60
槜	tuý	ai	60
槟	tân	ai	60
槠	chư	ai	60
槤	liên	ai	60
槧	khiếm	ai	60
槨	quách	ai	60
槭	túc	ai	60
槱	dữu	ai	60
槲	hộc	ai	60
槳	tưởng	ai	60
槽	tào	ai	60
槿	cẩn	ai	60
樁	thung	confirmed	90
樂	lạc	confirmed	90
樂	nhạc	ai	60
樅	tung	ai	60
樊	phàn	confirmed	90
樓	lâu	ai	60
樗	xu	ai	60
樘	đường	ai	60
標	tiêu	ai	60
樞	xu	confirmed	90
樟	chương	ai	60
模	mô	confirmed	90
樣	dạng	confirmed	90
樨	tê	ai	60
横	hoành	ai	60
横	hoạnh	confirmed	90
樯	tường	ai	60
樱	anh	ai	60
樵	tiều	ai	60
樸	phác	confirmed	90
樸	bộc	ai	60
樹	thụ	confirmed	90
樺	hoa	ai	60
樽	tôn	ai	60
樾	việt	ai	60
橄	cảm	ai	60
橇	khiêu	ai	60
橈	nạo	ai	60
橋	kiều	confirmed	90
橐	thác	ai	60
橑	liêu	ai	60
橘	quất	confirmed	90
橙	chanh	confirmed	90
橙	đăng	ai	60
橛	quyết	ai	60
橞	tuệ	ai	60
機	cơ	confirmed	90
橡	tượng	ai	60
橢	thỏa	ai	60
橥	trư	ai	60
橦	đồng	ai	60
橫	hoành	ai	60
橫	hoạnh	ai	60
橱	trù	ai	60
橹	lỗ	ai	60
橼	duyên	ai	60
檀	đàn	confirmed	90
檁	lẫm	confirmed	90
檄	hịch	confirmed	90
檉	sanh	ai	60
檎	cầm	ai	60
檐	diêm	ai	60
檑	lôi	ai	60
檔	đương	ai	60
檔	đáng	ai	60
檗	bách	ai	60
檜	cối	confirmed	90
檜	quái	ai	60
檞	giải	ai	60
檟	giả	ai	60
檠	kình	ai	60
檢	kiểm	ai	60
檣	tường	ai	60
檩	lẫm	confirmed	90
檫	sát	ai	60
檬	mông	confirmed	90
檮	đào	ai	60
檯	đài	ai	60
檳	tân	ai	60
檸	ninh	ai	60
檻	hạm	ai	60
檻	lam	ai	60
櫃	quỹ	ai	60
櫆	khôi	ai	60
櫍	chất	ai	60
櫓	lỗ	ai	60
櫚	lư	ai	60
櫛	trất	ai	60
櫝	độc	ai	60
櫞	duyên	ai	60
櫟	lịch	ai	60
櫥	trù	ai	60
櫧	chư	ai	60
櫨	lô	ai	60
櫪	lịch	ai	60
櫫	trư	ai	60
櫬	sấn	ai	60
櫱	nghiệt	ai	60
櫳	lung	ai	60
櫸	cử	ai	60
櫻	anh	ai	60
欂	bác	ai	60
欄	lan	confirmed	90
權	quyền	confirmed	90
欏	la	ai	60
欒	loan	ai	60
欓	đảng	ai	60
欖	lãm	ai	60
欞	linh	ai	60
欠	khiếm	confirmed	90
次	thứ	confirmed	90
欢	hoan	confirmed	90
欣	hân	confirmed	90
欤	dư	ai	60
欧	âu	ai	60
欲	dục	confirmed	90
欸	ai	ai	60
欸	ải	ai	60
欹	y	ai	60
欺	khi	confirmed	90
欻	hốt	ai	60
欽	khâm	confirmed	90
款	khoản	confirmed	90
歃	sáp	ai	60
歅	nhân	ai	60
歆	hâm	confirmed	90
歇	hiết	ai	60
歉	khiểm	ai	60
歌	ca	confirmed	90
歐	âu	ai	60
歙	hấp	ai	60
歟	dư	ai	60
歡	hoan	confirmed	90
止	chỉ	confirmed	90
正	chính	confirmed	90
正	chinh	ai	60
此	thử	confirmed	90
步	bộ	confirmed	90
武	vũ	confirmed	90
歧	kỳ	ai	60
歪	oai	ai	60
歲	tuế	ai	60
歷	lịch	confirmed	90
歸	quy	ai	60
歹	đãi	ai	60
歹	ngạt	confirmed	90
死	tử	confirmed	90
歼	tiêm	ai	60
歿	một	ai	60
殁	một	ai	60
殂	tồ	ai	60
殃	ương	confirmed	90
殄	điễn	ai	60
殆	đãi	ai	60
殇	thương	ai	60
殉	tuẫn	confirmed	90
殊	thù	ai	60
残	tàn	confirmed	90
殍	biểu	ai	60
殒	vẫn	ai	60
殓	liễm	ai	60
殖	thực	ai	60
殖	trĩ	ai	60
殘	tàn	confirmed	90
殚	đàn	ai	60
殛	cực	ai	60
殞	vẫn	ai	60
殡	tấn	confirmed	90
殣	cận	ai	60
殤	thương	ai	60
殪	ế	confirmed	90
殫	đàn	ai	60
殮	liệm	confirmed	90
殯	tấn	confirmed	90
殲	tiêm	ai	60
殳	thù	ai	60
殴	ẩu	ai	60
段	đoạn	confirmed	90
殷	ân	confirmed	90
殷	yên	ai	60
殺	sát	confirmed	90
殻	xác	ai	60
殼	xác	confirmed	90
殿	điện	confirmed	90
毀	hủy	confirmed	90
毁	hủy	confirmed	90
毂	cốc	ai	60
毅	nghị	confirmed	90
毆	ẩu	ai	60
毋	vô	confirmed	90
毌	quán	ai	60
母	mẫu	confirmed	90
每	mỗi	confirmed	90
毐	ải	ai	60
毒	độc	confirmed	90
毓	dục	ai	60
比	bỉ	ai	60
比	tỷ	confirmed	90
毕	tất	confirmed	90
毖	bí	ai	60
毗	tỳ	ai	60
毙	tệ	ai	60
毛	mao	confirmed	90
毡	chiên	ai	60
毪	mâu	ai	60
毫	hào	confirmed	90
毯	thảm	ai	60
毳	thúy	ai	60
毵	tam	ai	60
毹	du	ai	60
毽	kiện	ai	60
毿	tam	ai	60
氂	ly	confirmed	90
氂	mao	ai	60
氅	sưởng	ai	60
氆	phổ	ai	60
氇	lỗ	ai	60
氈	chiên	ai	60
氌	lỗ	ai	60
氍	cù	ai	60
氏	thị	confirmed	90
氏	chi	ai	60
氐	đê	ai	60
民	dân	confirmed	90
氓	manh	confirmed	90
氓	mạnh	ai	60
气	khí	confirmed	90
氕	phiết	ai	60
氖	nãi	ai	60
氘	đao	ai	60
氙	tiên	ai	60
氚	xuyên	ai	60
氛	phân	ai	60
氟	phất	ai	60
氡	đông	ai	60
氢	khinh	ai	60
氣	khí	confirmed	90
氤	nhân	ai	60
氦	hợi	ai	60
氧	dưỡng	ai	60
氨	an	ai	60
氩	á	ai	60
氪	khắc	ai	60
氫	khinh	ai	60
氬	á	ai	60
氮	đạm	ai	60
氯	lục	ai	60
氰	thanh	ai	60
氲	uân	ai	60
氳	uân	ai	60
水	thủy	confirmed	90
永	vĩnh	ai	60
氾	phiếm	ai	60
氿	quỹ	ai	60
汀	đinh	ai	60
汁	trấp	ai	60
求	cầu	confirmed	90
汆	thoản	ai	60
汇	hối	ai	60
汈	điêu	ai	60
汉	hán	confirmed	90
汊	xá	ai	60
汋	chước	ai	60
汐	tịch	confirmed	90
汔	khất	ai	60
汕	sán	confirmed	90
汗	hãn	ai	60
汗	hàn	ai	60
汛	tấn	ai	60
汜	tự	ai	60
汝	nhữ	ai	60
汞	hống	ai	60
江	giang	confirmed	90
池	trì	confirmed	90
污	ô	confirmed	90
汤	thang	confirmed	90
汤	thương	ai	60
汧	khiên	ai	60
汨	mịch	ai	60
汩	cốt	ai	60
汪	uông	ai	60
汫	tỉnh	ai	60
汭	nhuế	ai	60
汰	thái	ai	60
汲	cấp	confirmed	90
汴	biện	ai	60
汶	vấn	ai	60
汹	hung	ai	60
決	quyết	confirmed	90
汽	khí	ai	60
汾	phần	ai	60
沁	tẩm	ai	60
沂	nghi	ai	60
沃	ốc	ai	60
沄	vân	ai	60
沅	nguyên	ai	60
沆	hàng	ai	60
沇	duyện	ai	60
沈	trầm	ai	60
沈	thẩm	ai	60
沉	trầm	ai	60
沌	độn	ai	60
沏	thế	ai	60
沐	mộc	ai	60
沒	một	confirmed	90
沓	đạp	confirmed	90
沔	miện	ai	60
沖	xung	confirmed	90
沘	tỷ	ai	60
沙	sa	confirmed	90
沚	chỉ	ai	60
沛	bái	ai	60
沟	câu	ai	60
没	một	confirmed	90
没	mộ	ai	60
沣	phong	ai	60
沤	ẩu	ai	60
沥	lịch	ai	60
沦	luân	ai	60
沧	thương	ai	60
沨	phong	ai	60
沩	vi	ai	60
沪	hỗ	ai	60
沫	mạt	ai	60
沭	thuật	ai	60
沮	tự	ai	60
沮	trở	ai	60
沱	đà	confirmed	90
河	hà	confirmed	90
沸	phí	confirmed	90
油	du	ai	60
沺	điền	ai	60
治	trị	confirmed	90
沼	chiểu	ai	60
沽	cô	ai	60
沾	triêm	ai	60
沿	duyên	confirmed	90
況	huống	ai	60
泂	quýnh	ai	60
泃	câu	ai	60
泄	tiết	ai	60
泅	tù	confirmed	90
泇	gia	ai	60
泉	tuyền	confirmed	90
泊	bạc	confirmed	90
泌	bí	ai	60
泌	mật	ai	60
泐	lặc	ai	60
泓	hoằng	ai	60
泔	cam	ai	60
法	pháp	confirmed	90
泖	mão	ai	60
泗	tứ	ai	60
泙	bình	ai	60
泚	thử	ai	60
泛	phiếm	confirmed	90
泜	chi	ai	60
泞	nịnh	ai	60
泠	linh	ai	60
泡	bào	ai	60
泡	phao	ai	60
波	ba	confirmed	90
泣	khấp	ai	60
泥	nê	confirmed	90
注	chú	confirmed	90
泪	lệ	confirmed	90
泫	huyễn	ai	60
泮	phán	ai	60
泯	mẫn	ai	60
泰	thái	confirmed	90
泱	ương	ai	60
泳	vịnh	ai	60
泵	bơm	ai	60
泷	lang	ai	60
泸	lô	ai	60
泺	lạc	ai	60
泻	tả	confirmed	90
泼	bát	ai	60
泽	trạch	ai	60
泾	kinh	confirmed	90
洁	khiết	confirmed	90
洄	hồi	ai	60
洇	nhân	ai	60
洈	vi	ai	60
洋	dương	confirmed	90
洌	liệt	ai	60
洎	kịp	ai	60
洑	phục	ai	60
洒	sái	confirmed	90
洓	sắc	ai	60
洗	tẩy	confirmed	90
洗	tiển	ai	60
洘	khảo	ai	60
洙	chu	ai	60
洚	giáng	ai	60
洛	lạc	ai	60
洞	động	ai	60
洢	y	ai	60
洣	mễ	ai	60
津	tân	ai	60
洧	vị	ai	60
洨	hào	ai	60
洪	hồng	confirmed	90
洫	hức	ai	60
洭	khuông	ai	60
洮	thao	ai	60
洱	nhĩ	ai	60
洲	châu	confirmed	90
洳	nhự	ai	60
洴	bình	ai	60
洵	tuân	ai	60
洶	hung	ai	60
洸	quang	ai	60
洹	hoàn	ai	60
洺	minh	ai	60
活	hoạt	confirmed	90
洼	oa	ai	60
洽	hiệp	ai	60
派	phái	confirmed	90
洿	ô	ai	60
流	lưu	confirmed	90
浃	giáp	ai	60
浅	thiển	confirmed	90
浆	tương	ai	60
浇	kiêu	confirmed	90
浈	trinh	ai	60
浉	sư	ai	60
浊	trọc	confirmed	90
测	trắc	confirmed	90
浍	cối	ai	60
济	tế	ai	60
济	tể	ai	60
浏	lưu	ai	60
浐	sản	ai	60
浑	hồn	ai	60
浒	hử	ai	60
浓	nùng	ai	60
浔	tầm	confirmed	90
浕	tận	ai	60
浙	chiết	ai	60
浚	tuấn	ai	60
浛	hàm	ai	60
浜	banh	ai	60
浞	trác	ai	60
浟	du	ai	60
浠	hy	ai	60
浡	bột	ai	60
浣	hoán	ai	60
浥	ấp	ai	60
浦	phố	ai	60
浩	hạo	ai	60
浪	lãng	ai	60
浬	lý	ai	60
浭	canh	ai	60
浮	phù	confirmed	90
浯	ngô	ai	60
浰	lợi	ai	60
浲	phong	ai	60
浴	dục	ai	60
海	hải	confirmed	90
浸	tẩm	ai	60
浹	tiếp	ai	60
浼	mỗi	ai	60
浿	bối	ai	60
涂	đồ	confirmed	90
涄	phinh	ai	60
涅	niết	ai	60
涇	kinh	confirmed	90
消	tiêu	confirmed	90
涉	thiệp	confirmed	90
涌	dũng	ai	60
涍	hiếu	ai	60
涎	tiên	ai	60
涐	nga	ai	60
涑	tốc	ai	60
涓	quyên	ai	60
涔	sầm	ai	60
涕	thế	ai	60
涘	sĩ	ai	60
涛	đào	confirmed	90
涝	lạo	ai	60
涞	lai	confirmed	90
涟	liên	ai	60
涠	vi	ai	60
涡	oa	ai	60
涢	vân	ai	60
涣	hoán	ai	60
涤	địch	ai	60
润	nhuận	ai	60
涧	giản	ai	60
涨	trướng	confirmed	90
涩	sáp	ai	60
涪	phù	ai	60
涫	quán	ai	60
涮	xuyến	ai	60
涯	nhai	ai	60
液	dịch	ai	60
涴	uyển	ai	60
涵	hàm	ai	60
涸	hạc	ai	60
涼	lương	confirmed	90
涼	lạng	ai	60
涿	trác	ai	60
淀	điến	ai	60
淄	truy	ai	60
淅	tích	ai	60
淆	hào	ai	60
淇	kỳ	ai	60
淋	lâm	ai	60
淌	thảng	ai	60
淏	hạo	ai	60
淑	thục	ai	60
淖	náo	ai	60
淘	đào	confirmed	90
淙	tông	ai	60
淚	lệ	confirmed	90
淜	bằng	ai	60
淝	phì	ai	60
淞	tùng	ai	60
淟	điến	ai	60
淠	tí	ai	60
淡	đạm	confirmed	90
淤	ứ	ai	60
淥	lục	ai	60
淦	cam	ai	60
淪	luân	ai	60
淫	dâm	confirmed	90
淬	tôi	ai	60
淮	hoài	confirmed	90
淯	dục	ai	60
深	thâm	confirmed	90
淳	thuần	ai	60
淴	hốt	ai	60
淵	uyên	confirmed	90
淶	lai	confirmed	90
混	hỗn	ai	60
淹	yêm	ai	60
淺	thiển	confirmed	90
添	thiêm	confirmed	90
淼	miểu	ai	60
清	thanh	confirmed	90
渊	uyên	confirmed	90
渌	lục	ai	60
渍	tí	ai	60
渎	độc	ai	60
渐	tiệm	confirmed	90
渑	mẫn	ai	60
渔	ngư	confirmed	90
渗	sấm	ai	60
渙	hoán	ai	60
渚	chử	ai	60
減	giảm	confirmed	90
渝	du	ai	60
渟	đình	ai	60
渠	cừ	confirmed	90
渡	độ	ai	60
渢	phong	ai	60
渣	tra	ai	60
渤	bột	ai	60
渥	ác	ai	60
渦	oa	ai	60
温	ôn	ai	60
渫	tiết	ai	60
測	trắc	confirmed	90
渭	vị	confirmed	90
港	cảng	confirmed	90
渰	yểm	ai	60
渲	huyễn	ai	60
渴	khát	confirmed	90
游	du	ai	60
渺	miểu	ai	60
渼	mỹ	ai	60
渾	hồn	ai	60
湃	phái	ai	60
湄	mi	ai	60
湉	điềm	ai	60
湊	thấu	ai	60
湋	vi	ai	60
湍	thoan	ai	60
湎	miến	ai	60
湑	tư	ai	60
湓	bồn	ai	60
湔	tiên	ai	60
湖	hồ	confirmed	90
湘	tương	confirmed	90
湛	trạm	ai	60
湜	thực	ai	60
湝	giai	ai	60
湞	trinh	ai	60
湟	hoàng	ai	60
湣	mẫn	ai	60
湫	thu	ai	60
湮	yên	ai	60
湯	thang	confirmed	90
湯	thương	ai	60
湲	viên	ai	60
湴	bàn	ai	60
湾	loan	ai	60
湿	thấp	confirmed	90
溁	vinh	ai	60
溃	hội	ai	60
溅	tiễn	ai	60
溆	tự	ai	60
溇	lâu	ai	60
溈	quy	ai	60
溉	khái	ai	60
溍	tấn	ai	60
溏	đường	ai	60
源	nguyên	ai	60
準	chuẩn	confirmed	90
溘	khạp	ai	60
溚	tháp	ai	60
溜	lưu	ai	60
溝	câu	ai	60
溞	tao	ai	60
溟	minh	ai	60
溠	trá	ai	60
溢	dật	ai	60
溥	phổ	ai	60
溥	bạc	ai	60
溦	vi	ai	60
溧	lật	ai	60
溪	khê	ai	60
溫	ôn	ai	60
溮	sư	ai	60
溯	tố	ai	60
溱	trăn	ai	60
溱	tần	ai	60
溲	sưu	ai	60
溳	vân	ai	60
溴	xú	ai	60
溵	ân	ai	60
溶	dung	ai	60
溷	hỗn	ai	60
溹	sách	ai	60
溺	nịch	ai	60
溺	niệu	ai	60
溻	tháp	ai	60
溽	nhục	ai	60
滁	trừ	ai	60
滂	bàng	ai	60
滃	ổng	ai	60
滄	thương	ai	60
滅	diệt	confirmed	90
滆	cách	ai	60
滇	điền	ai	60
滉	hoảng	ai	60
滋	tư	ai	60
滌	địch	ai	60
滍	trĩ	ai	60
滎	huỳnh	ai	60
滎	vinh	ai	60
滏	phủ	ai	60
滑	hoạt	ai	60
滑	cốt	ai	60
滓	chỉ	ai	60
滓	tể	ai	60
滔	thao	confirmed	90
滕	đằng	ai	60
滗	bí	ai	60
滘	giáo	ai	60
滚	cổn	ai	60
滞	trệ	ai	60
滟	diễm	ai	60
滠	niếp	ai	60
满	mãn	confirmed	90
滢	oánh	ai	60
滤	lự	ai	60
滥	lạm	confirmed	90
滦	loan	ai	60
滧	hiệu	ai	60
滨	tân	ai	60
滩	than	ai	60
滪	dự	ai	60
滫	tửu	ai	60
滬	hỗ	ai	60
滯	trệ	ai	60
滲	sấm	ai	60
滴	trích	ai	60
滷	lỗ	ai	60
滸	hử	ai	60
滹	hô	ai	60
滻	sản	ai	60
滾	cổn	ai	60
滿	mãn	confirmed	90
漁	ngư	confirmed	90
漂	phiêu	ai	60
漂	phiếu	ai	60
漆	tất	ai	60
漈	tế	ai	60
漉	lộc	confirmed	90
漊	lâu	ai	60
漋	long	ai	60
漍	quốc	ai	60
漏	lậu	confirmed	90
漓	ly	ai	60
演	diễn	confirmed	90
漕	tào	ai	60
漖	giáo	ai	60
漚	ẩu	ai	60
漠	mạc	confirmed	90
漢	hán	confirmed	90
漣	liên	ai	60
漤	lãm	ai	60
漦	ly	ai	60
漩	toàn	ai	60
漪	y	ai	60
漫	mạn	ai	60
漬	tí	ai	60
漭	mãng	ai	60
漯	tháp	ai	60
漯	luy	ai	60
漱	sấu	ai	60
漲	trướng	confirmed	90
漲	trương	ai	60
漳	chương	ai	60
漴	sùng	ai	60
漵	tự	ai	60
漶	hoán	ai	60
漷	khoát	ai	60
漸	tiệm	confirmed	90
漸	tiêm	ai	60
漹	yên	ai	60
漻	liêu	ai	60
漼	thôi	ai	60
漾	dạng	ai	60
漿	tương	ai	60
潁	dĩnh	ai	60
潆	oánh	ai	60
潇	tiêu	ai	60
潋	liễm	ai	60
潍	duy	ai	60
潏	duật	ai	60
潑	bát	ai	60
潔	khiết	confirmed	90
潕	vũ	ai	60
潖	ba	ai	60
潘	phan	ai	60
潙	quy	ai	60
潛	tiềm	confirmed	90
潜	tiềm	confirmed	90
潞	lộ	ai	60
潟	tích	ai	60
潢	hoàng	ai	60
潤	nhuận	ai	60
潦	lạo	ai	60
潦	liễu	ai	60
潩	dực	ai	60
潭	đàm	ai	60
潮	triều	confirmed	90
潯	tầm	confirmed	90
潰	hội	ai	60
潲	sảo	ai	60
潴	chư	ai	60
潵	tán	ai	60
潷	bút	ai	60
潸	sàn	ai	60
潺	sàn	ai	60
潼	đồng	ai	60
潽	phổ	ai	60
潾	lân	ai	60
潿	vi	ai	60
澀	sáp	ai	60
澂	trừng	ai	60
澄	trừng	ai	60
澄	đặng	ai	60
澆	kiêu	confirmed	90
澇	lạo	ai	60
澈	triệt	ai	60
澉	cảm	ai	60
澌	tư	ai	60
澍	chú	ai	60
澎	bành	confirmed	90
澐	vân	ai	60
澗	giản	ai	60
澛	lỗ	ai	60
澜	lan	confirmed	90
澠	thằng	ai	60
澡	táo	ai	60
澤	trạch	ai	60
澥	hải	ai	60
澦	dự	ai	60
澧	lễ	ai	60
澪	linh	ai	60
澫	mạn	ai	60
澭	ung	ai	60
澮	cối	ai	60
澱	điến	ai	60
澳	áo	ai	60
澳	úc	ai	60
澴	hoàn	ai	60
澶	thiền	ai	60
澹	đạm	ai	60
澼	phích	ai	60
澽	cừ	ai	60
激	kích	confirmed	90
濁	trọc	confirmed	90
濂	liêm	ai	60
濃	nùng	ai	60
濆	phần	ai	60
濉	tuy	ai	60
濋	sở	ai	60
濑	lại	ai	60
濒	tần	ai	60
濕	thấp	confirmed	90
濘	ninh	ai	60
濚	vinh	ai	60
濛	mông	confirmed	90
濜	tẫn	ai	60
濞	tị	ai	60
濟	tế	ai	60
濟	tể	ai	60
濠	hào	ai	60
濡	nhu	ai	60
濤	đào	confirmed	90
濩	hoạch	ai	60
濫	lạm	confirmed	90
濮	bộc	ai	60
濯	trạc	ai	60
濰	duy	ai	60
濱	tân	ai	60
濺	tiên	ai	60
濼	lạc	ai	60
濾	lự	ai	60
瀂	lỗ	ai	60
瀅	oánh	ai	60
瀆	độc	ai	60
瀉	tả	confirmed	90
瀋	thẩm	ai	60
瀌	tiêu	ai	60
瀍	triền	ai	60
瀏	lưu	ai	60
瀑	bộc	ai	60
瀔	cốc	ai	60
瀕	tần	ai	60
瀘	lô	ai	60
瀚	hãn	ai	60
瀛	doanh	ai	60
瀝	lịch	ai	60
瀟	tiêu	ai	60
瀠	oanh	ai	60
瀣	giới	ai	60
瀦	trư	ai	60
瀧	long	ai	60
瀧	song	ai	60
瀨	lại	ai	60
瀰	di	ai	60
瀰	mị	ai	60
瀱	kế	ai	60
瀲	liễm	ai	60
瀵	phẫn	ai	60
瀹	dược	ai	60
瀼	nhương	ai	60
瀾	lan	confirmed	90
灃	phong	ai	60
灄	nhiếp	ai	60
灈	cù	ai	60
灌	quán	ai	60
灏	hạo	ai	60
灑	sái	confirmed	90
灕	ly	ai	60
灘	than	ai	60
灝	hạo	ai	60
灞	bá	ai	60
灣	loan	ai	60
灤	loan	ai	60
灧	diễm	ai	60
火	hoả	confirmed	90
灭	diệt	confirmed	90
灯	đăng	confirmed	90
灰	hôi	confirmed	90
灵	linh	confirmed	90
灶	táo	confirmed	90
灸	cứu	confirmed	90
灼	chước	confirmed	90
災	tai	confirmed	90
灾	tai	confirmed	90
灿	xán	confirmed	90
炀	dương	ai	60
炅	quýnh	ai	60
炆	văn	ai	60
炉	lô	confirmed	90
炊	xuy	confirmed	90
炌	khái	ai	60
炎	viêm	confirmed	90
炒	sao	confirmed	90
炔	quyết	ai	60
炕	kháng	ai	60
炖	đôn	confirmed	90
炘	hân	ai	60
炙	chích	ai	60
炜	vĩ	ai	60
炝	thương	ai	60
炟	đạt	ai	60
炣	khả	ai	60
炫	huyễn	ai	60
炬	cự	ai	60
炭	thán	ai	60
炮	pháo	confirmed	90
炮	bào	ai	60
炯	quýnh	ai	60
炱	đài	ai	60
炳	bỉnh	ai	60
炷	chú	ai	60
炸	tạc	ai	60
炸	trá	ai	60
点	điểm	confirmed	90
為	vi	ai	60
為	vị	ai	60
炻	thạch	ai	60
炼	luyện	confirmed	90
炽	xí	ai	60
烀	hô	ai	60
烁	thước	ai	60
烂	lạn	confirmed	90
烃	thinh	ai	60
烈	liệt	confirmed	90
烊	dương	ai	60
烏	ô	confirmed	90
烔	đồng	ai	60
烘	hồng	ai	60
烙	lạc	ai	60
烛	chúc	confirmed	90
烜	huyễn	ai	60
烝	chưng	confirmed	90
烟	yên	ai	60
烠	hối	ai	60
烤	khảo	confirmed	90
烦	phiền	confirmed	90
烧	thiêu	confirmed	90
烨	diệp	ai	60
烩	hội	ai	60
烫	năng	ai	60
烬	tẫn	ai	60
热	nhiệt	confirmed	90
烯	hy	ai	60
烴	hĩnh	ai	60
烶	đĩnh	ai	60
烷	hoàn	ai	60
烹	phanh	confirmed	90
烺	lãng	ai	60
烻	diên	ai	60
烽	phong	ai	60
焆	quyên	ai	60
焉	yên	ai	60
焊	hãn	ai	60
焌	tuấn	ai	60
焐	ngộ	ai	60
焓	hàm	ai	60
焕	hoán	ai	60
焖	muộn	ai	60
焗	cục	ai	60
焘	đào	ai	60
焙	bồi	ai	60
焚	phần	ai	60
焜	côn	ai	60
焞	đôn	ai	60
無	vô	confirmed	90
焦	tiêu	ai	60
焯	trác	ai	60
焰	diễm	confirmed	90
焱	diễm	ai	60
然	nhiên	confirmed	90
煁	thầm	ai	60
煃	khuể	ai	60
煅	đoán	ai	60
煉	luyện	confirmed	90
煊	huyên	ai	60
煋	tinh	ai	60
煌	hoàng	ai	60
煎	tiên	ai	60
煒	vĩ	ai	60
煓	thoan	ai	60
煙	yên	ai	60
煜	dục	ai	60
煞	sát	ai	60
煟	vị	ai	60
煢	quỳnh	ai	60
煤	môi	ai	60
煥	hoán	ai	60
煦	hú	ai	60
照	chiếu	confirmed	90
煨	ôi	ai	60
煩	phiền	confirmed	90
煬	dương	ai	60
煬	dạng	ai	60
煮	chử	ai	60
煲	bảo	ai	60
煳	hồ	ai	60
煴	uân	ai	60
煸	biên	ai	60
煺	thối	ai	60
煽	phiến	confirmed	90
熄	tức	ai	60
熅	uân	ai	60
熅	uẩn	ai	60
熇	hác	ai	60
熊	hùng	confirmed	90
熏	huân	ai	60
熒	huỳnh	ai	60
熔	dung	ai	60
熗	thương	ai	60
熘	lựu	ai	60
熙	hy	ai	60
熛	phiêu	ai	60
熜	thông	ai	60
熟	thục	confirmed	90
熠	dập	ai	60
熥	thông	ai	60
熨	uất	ai	60
熨	úy	ai	60
熬	ngao	ai	60
熰	âu	ai	60
熱	nhiệt	confirmed	90
熲	dĩnh	ai	60
熵	thương	ai	60
熹	hy	ai	60
熻	hấp	ai	60
熾	sí	ai	60
熾	xí	ai	60
燀	xiển	ai	60
燁	diệp	ai	60
燃	nhiên	ai	60
燈	đăng	confirmed	90
燊	sân	ai	60
燋	tiêu	ai	60
燎	liệu	confirmed	90
燎	liêu	ai	60
燏	duật	ai	60
燒	thiêu	confirmed	90
燔	phiền	ai	60
燕	yến	ai	60
燖	tầm	ai	60
燙	năng	ai	60
燙	thang	ai	60
燚	dực	ai	60
燜	muộn	ai	60
營	doanh	ai	60
燠	úc	ai	60
燥	táo	confirmed	90
燦	xán	confirmed	90
燧	toại	ai	60
燭	chúc	ai	60
燮	tiếp	ai	60
燴	hội	ai	60
燹	tiển	ai	60
燼	tẫn	ai	60
燾	đào	ai	60
燾	đạo	ai	60
爆	bạo	ai	60
爇	nhược	ai	60
爍	thước	ai	60
爐	lô	confirmed	90
爔	hy	ai	60
爚	dược	ai	60
爛	lạn	confirmed	90
爝	tước	ai	60
爟	quán	ai	60
爨	thoán	ai	60
爪	trảo	confirmed	90
爬	ba	ai	60
爭	tranh	confirmed	90
爰	viên	ai	60
爱	ái	ai	60
爲	vi	ai	60
爲	vị	ai	60
爵	tước	confirmed	90
父	phụ	ai	60
爷	gia	ai	60
爸	bá	ai	60
爹	đa	ai	60
爺	gia	ai	60
爻	hào	ai	60
爽	sảng	ai	60
爾	nhĩ	ai	60
爿	tường	ai	60
牁	kha	ai	60
牂	tang	ai	60
牆	tường	confirmed	90
片	phiến	confirmed	90
版	bản	confirmed	90
牌	bài	confirmed	90
牍	độc	ai	60
牒	điệp	confirmed	90
牖	dũ	ai	60
牘	độc	ai	60
牙	nha	confirmed	90
牚	xanh	ai	60
牛	ngưu	confirmed	90
牝	tẫn	ai	60
牟	mâu	confirmed	90
牡	mẫu	ai	60
牢	lao	confirmed	90
牤	mang	ai	60
牥	phương	ai	60
牦	mao	ai	60
牧	mục	ai	60
物	vật	confirmed	90
牮	tiến	ai	60
牯	cổ	ai	60
牲	sinh	confirmed	90
牵	khiên	ai	60
特	đặc	confirmed	90
牺	hy	ai	60
牻	mang	ai	60
牽	khiên	ai	60
牾	ngỗ	ai	60
牿	cốc	ai	60
犀	tê	confirmed	90
犁	lê	ai	60
犄	ki	ai	60
犇	bôn	ai	60
犊	độc	ai	60
犋	cụ	ai	60
犍	kiền	ai	60
犏	thiên	ai	60
犒	khao	ai	60
犖	lạc	ai	60
犟	cường	ai	60
犢	độc	ai	60
犧	hi	ai	60
犨	thù	ai	60
犬	khuyển	ai	60
犯	phạm	confirmed	90
犰	cừu	ai	60
犴	ngạn	ai	60
状	trạng	confirmed	90
犷	quảng	ai	60
犸	mã	ai	60
犹	do	ai	60
狀	trạng	confirmed	90
狁	duẫn	ai	60
狂	cuồng	confirmed	90
狃	nữu	confirmed	90
狄	địch	confirmed	90
狈	bối	ai	60
狉	phi	ai	60
狍	bào	ai	60
狎	hiệp	ai	60
狐	hồ	confirmed	90
狒	phất	ai	60
狗	cẩu	confirmed	90
狙	thư	ai	60
狝	tiển	ai	60
狞	ninh	ai	60
狠	ngận	ai	60
狡	giảo	confirmed	90
狨	nhung	ai	60
狩	thú	ai	60
独	độc	confirmed	90
狭	hiệp	ai	60
狮	sư	confirmed	90
狯	quái	ai	60
狰	tranh	ai	60
狱	ngục	confirmed	90
狲	tôn	ai	60
狳	dư	ai	60
狴	bệ	ai	60
狷	quyến	ai	60
狸	ly	ai	60
狹	hiệp	ai	60
狺	ngân	ai	60
狻	toan	ai	60
狼	lang	confirmed	90
狽	bối	ai	60
猁	lợi	ai	60
猃	hiểm	ai	60
猄	kinh	ai	60
猇	hào	ai	60
猊	nghê	confirmed	90
猎	liệp	ai	60
猕	mi	ai	60
猖	xương	ai	60
猗	y	ai	60
猙	tranh	ai	60
猛	mãnh	confirmed	90
猜	sai	ai	60
猝	thốt	ai	60
猞	xá	ai	60
猡	la	ai	60
猢	hồ	confirmed	90
猥	ổi	ai	60
猥	uy	ai	60
猩	tinh	ai	60
猪	trư	confirmed	90
猫	miêu	ai	60
猬	vị	ai	60
献	hiến	confirmed	90
猯	thoan	ai	60
猰	yết	ai	60
猱	nhu	ai	60
猴	hầu	confirmed	90
猶	do	ai	60
猷	du	ai	60
猹	tra	ai	60
猺	dao	ai	60
猻	tôn	ai	60
猾	hoạt	ai	60
猿	viên	confirmed	90
獁	mã	ai	60
獄	ngục	confirmed	90
獅	sư	confirmed	90
獍	kính	ai	60
獎	tưởng	ai	60
獐	chương	ai	60
獒	ngao	confirmed	90
獗	quyết	ai	60
獠	liêu	ai	60
獨	độc	confirmed	90
獪	quái	ai	60
獫	hiểm	ai	60
獬	giải	confirmed	90
獭	thát	ai	60
獮	tiển	ai	60
獯	huân	ai	60
獰	nanh	confirmed	90
獰	ninh	ai	60
獲	hoạch	confirmed	90
獴	mông	ai	60
獵	liệp	ai	60
獷	quảng	ai	60
獸	thú	confirmed	90
獺	thát	ai	60
獻	hiến	confirmed	90
獼	mi	ai	60
獾	hoan	ai	60
玀	la	ai	60
玃	quặc	ai	60
玄	huyền	confirmed	90
率	suất	ai	60
率	luật	ai	60
玉	ngọc	confirmed	90
王	vương	confirmed	90
王	vượng	ai	60
玎	đinh	ai	60
玑	ky	ai	60
玒	hồng	ai	60
玓	đích	ai	60
玕	can	ai	60
玖	cửu	ai	60
玘	kỷ	ai	60
玙	dư	ai	60
玚	sướng	ai	60
玛	mã	confirmed	90
玞	phu	ai	60
玟	văn	ai	60
玟	mân	ai	60
玠	giới	ai	60
玡	nha	ai	60
玢	phân	ai	60
玢	ban	ai	60
玤	bảng	ai	60
玥	nguyệt	ai	60
玦	quyết	ai	60
玩	ngoạn	confirmed	90
玫	mai	ai	60
玭	bì	ai	60
玮	vĩ	ai	60
环	hoàn	ai	60
现	hiện	confirmed	90
玱	thương	ai	60
玲	linh	ai	60
玳	đại	confirmed	90
玶	bình	ai	60
玷	điếm	confirmed	90
玹	huyền	ai	60
玺	tỷ	confirmed	90
玻	pha	ai	60
玼	thử	ai	60
玿	thiều	ai	60
珀	phách	confirmed	90
珂	kha	ai	60
珅	thân	ai	60
珇	tổ	ai	60
珈	già	ai	60
珉	mân	ai	60
珊	san	confirmed	90
珋	lưu	ai	60
珌	tất	ai	60
珍	trân	confirmed	90
珏	giác	ai	60
珐	pháp	ai	60
珑	lung	ai	60
珒	tân	ai	60
珕	lệ	ai	60
珖	quang	ai	60
珙	củng	ai	60
珛	hữu	ai	60
珝	hủ	ai	60
珞	lạc	ai	60
珠	châu	confirmed	90
珢	ngân	ai	60
珣	tuần	ai	60
珥	nhĩ	confirmed	90
珦	hướng	ai	60
珧	diêu	ai	60
珩	hành	ai	60
珪	khuê	ai	60
珫	sung	ai	60
班	ban	confirmed	90
珰	đang	ai	60
珲	huy	ai	60
珵	trình	ai	60
珷	vũ	ai	60
珸	ngô	ai	60
珹	thành	ai	60
珺	quân	ai	60
珽	đĩnh	ai	60
現	hiện	confirmed	90
琀	hàm	ai	60
球	cầu	confirmed	90
琄	huyễn	ai	60
琅	lang	ai	60
理	lý	confirmed	90
琇	tú	ai	60
琈	phù	ai	60
琉	lưu	confirmed	90
琊	da	ai	60
琎	tấn	ai	60
琏	liễn	ai	60
琐	tỏa	ai	60
琔	điện	ai	60
琚	cư	ai	60
琛	sâm	ai	60
琟	duy	ai	60
琡	thục	ai	60
琢	trác	ai	60
琤	tranh	ai	60
琥	hổ	ai	60
琦	kỳ	ai	60
琨	côn	ai	60
琪	kỳ	ai	60
琫	bổng	ai	60
琬	uyển	ai	60
琭	lộc	ai	60
琮	tông	ai	60
琯	quản	ai	60
琰	diễm	ai	60
琲	bội	ai	60
琳	lâm	ai	60
琴	cầm	confirmed	90
琵	tỳ	confirmed	90
琶	bà	confirmed	90
琺	pháp	ai	60
琼	quỳnh	confirmed	90
琿	huy	ai	60
瑀	vũ	ai	60
瑁	mạo	confirmed	90
瑂	mi	ai	60
瑃	xuân	ai	60
瑄	tuyên	ai	60
瑅	đề	ai	60
瑆	tinh	ai	60
瑋	vĩ	ai	60
瑑	triện	ai	60
瑒	sướng	ai	60
瑒	tràng	ai	60
瑓	luyện	ai	60
瑔	tuyền	ai	60
瑕	hà	ai	60
瑖	đoạn	ai	60
瑗	viện	ai	60
瑙	não	confirmed	90
瑚	hồ	ai	60
瑛	anh	ai	60
瑜	du	ai	60
瑝	hoàng	ai	60
瑞	thụy	ai	60
瑟	sắt	confirmed	90
瑢	dung	ai	60
瑣	tỏa	ai	60
瑤	dao	confirmed	90
瑧	trăn	ai	60
瑨	tấn	ai	60
瑩	oánh	ai	60
瑪	mã	confirmed	90
瑬	lưu	ai	60
瑭	đường	ai	60
瑰	khôi	ai	60
瑱	thiến	ai	60
瑱	trấn	ai	60
瑲	thương	ai	60
瑳	tha	ai	60
瑶	dao	confirmed	90
瑷	ái	ai	60
瑾	cẩn	ai	60
璀	thôi	ai	60
璁	thông	ai	60
璃	ly	confirmed	90
璆	cầu	ai	60
璇	tuyền	ai	60
璈	ngao	ai	60
璉	liễn	ai	60
璊	môn	ai	60
璋	chương	ai	60
璎	anh	ai	60
璐	lộ	ai	60
璒	đăng	ai	60
璕	tầm	ai	60
璗	đãng	ai	60
璘	lân	ai	60
璜	hoàng	ai	60
璞	phác	ai	60
璟	cảnh	ai	60
璠	phiền	ai	60
璡	tiến	ai	60
璣	cơ	ai	60
璥	cảnh	ai	60
璦	ái	ai	60
璧	bích	confirmed	90
璨	xán	ai	60
璩	cừ	ai	60
璪	tảo	ai	60
璫	đang	ai	60
璬	kiểu	ai	60
璮	thản	ai	60
環	hoàn	ai	60
璱	sắt	ai	60
璲	toại	ai	60
璵	dư	ai	60
璺	vấn	ai	60
璽	tỷ	confirmed	90
瓀	nhuyễn	ai	60
瓅	lịch	ai	60
瓊	quỳnh	confirmed	90
瓏	lung	ai	60
瓒	toản	ai	60
瓔	anh	ai	60
瓖	tương	ai	60
瓘	quán	ai	60
瓚	toản	ai	60
瓛	hoàn	ai	60
瓜	qua	confirmed	90
瓞	điệt	ai	60
瓠	hộ	ai	60
瓢	biều	ai	60
瓣	biện	ai	60
瓤	nhương	ai	60
瓦	ngõa	ai	60
瓮	úng	ai	60
瓯	âu	confirmed	90
瓴	linh	ai	60
瓶	bình	confirmed	90
瓷	từ	confirmed	90
瓻	si	ai	60
瓿	bẫu	ai	60
甄	chân	ai	60
甌	âu	confirmed	90
甍	manh	ai	60
甏	bánh	ai	60
甑	tắng	ai	60
甓	bích	ai	60
甗	nghiễn	ai	60
甘	cam	confirmed	90
甚	thậm	confirmed	90
甚	thập	ai	60
甜	điềm	ai	60
生	sinh	confirmed	90
甡	sân	ai	60
產	sản	ai	60
産	sản	confirmed	90
甥	sanh	ai	60
甦	tô	ai	60
用	dụng	confirmed	90
甩	suý	ai	60
甪	lộc	ai	60
甫	phủ	confirmed	90
甬	dũng	ai	60
甭	bằng	ai	60
甯	ninh	ai	60
田	điền	confirmed	90
由	do	confirmed	90
甲	giáp	confirmed	90
申	thân	ai	60
电	điện	ai	60
男	nam	confirmed	90
甸	điện	ai	60
町	đinh	ai	60
画	họa	confirmed	90
甾	tai	ai	60
畀	bí	ai	60
畅	sướng	confirmed	90
畈	phán	ai	60
畋	điền	ai	60
界	giới	confirmed	90
畎	khuyển	ai	60
畏	úy	confirmed	90
畔	bạn	ai	60
畖	oa	ai	60
留	lưu	confirmed	90
畚	bổn	ai	60
畛	chẩn	ai	60
畜	súc	confirmed	90
畜	húc	ai	60
畝	mẫu	ai	60
畢	tất	confirmed	90
畤	chỉ	ai	60
略	lược	confirmed	90
畦	huề	ai	60
番	phiên	confirmed	90
畫	họa	confirmed	90
畫	hoạch	ai	60
畬	dư	ai	60
畯	tuấn	ai	60
異	dị	ai	60
畲	dư	ai	60
畴	trù	ai	60
當	đương	confirmed	90
當	đáng	ai	60
當	đang	ai	60
畸	ky	ai	60
畹	uyển	ai	60
畿	kỳ	ai	60
疁	lưu	ai	60
疃	thoản	ai	60
疆	cương	ai	60
疇	trù	ai	60
疊	điệp	confirmed	90
疍	đản	ai	60
疏	sơ	ai	60
疐	chí	ai	60
疑	nghi	ai	60
疔	đinh	confirmed	90
疖	tiết	ai	60
疗	liệu	confirmed	90
疙	ngật	ai	60
疚	cứu	ai	60
疝	sán	ai	60
疟	ngược	ai	60
疠	lệ	ai	60
疡	dương	ai	60
疢	sấn	ai	60
疣	vưu	ai	60
疤	ba	ai	60
疥	giới	ai	60
疫	dịch	confirmed	90
疬	lịch	ai	60
疭	túng	ai	60
疮	sang	ai	60
疯	phong	confirmed	90
疰	chú	ai	60
疱	bào	ai	60
疲	bì	confirmed	90
疳	cam	ai	60
疴	a	ai	60
疵	tỳ	ai	60
疸	đản	ai	60
疹	chẩn	confirmed	90
疼	đông	ai	60
疽	thư	confirmed	90
疾	tật	confirmed	90
痂	già	ai	60
痃	huyền	ai	60
痄	trá	ai	60
病	bệnh	confirmed	90
症	chứng	confirmed	90
痈	ung	confirmed	90
痉	kinh	ai	60
痊	thuyên	confirmed	90
痍	di	ai	60
痒	dương	ai	60
痓	chí	ai	60
痔	trĩ	confirmed	90
痕	ngân	confirmed	90
痘	đậu	confirmed	90
痙	kinh	ai	60
痛	thống	confirmed	90
痞	bĩ	ai	60
痢	lỵ	confirmed	90
痣	chí	ai	60
痤	tọa	ai	60
痦	ngộ	ai	60
痧	sa	ai	60
痨	lao	confirmed	90
痪	hoán	ai	60
痫	giản	ai	60
痰	đàm	ai	60
痱	phi	ai	60
痴	si	ai	60
痹	tý	ai	60
痼	cố	ai	60
痾	a	ai	60
痾	kha	ai	60
痿	nuy	ai	60
瘀	ứ	confirmed	90
瘁	tụy	confirmed	90
瘃	trục	ai	60
瘅	đản	ai	60
瘆	sấm	ai	60
瘊	hầu	ai	60
瘋	phong	confirmed	90
瘌	lạt	ai	60
瘍	dương	ai	60
瘐	dũ	ai	60
瘓	hoán	ai	60
瘕	hà	ai	60
瘗	ế	ai	60
瘘	lậu	ai	60
瘙	tao	ai	60
瘛	xiết	ai	60
瘞	ế	ai	60
瘟	ôn	confirmed	90
瘠	tích	ai	60
瘡	sang	ai	60
瘢	ban	confirmed	90
瘤	lựu	ai	60
瘥	sái	ai	60
瘦	sấu	ai	60
瘧	ngược	ai	60
瘩	đáp	ai	60
瘪	biết	ai	60
瘫	than	ai	60
瘭	phiêu	ai	60
瘮	sẩm	ai	60
瘰	lõa	ai	60
瘲	túng	ai	60
瘳	sưu	ai	60
瘴	chướng	confirmed	90
瘵	trái	ai	60
瘸	qua	ai	60
瘺	lậu	ai	60
瘻	lậu	ai	60
瘼	mạc	ai	60
瘾	ẩn	ai	60
瘿	anh	ai	60
癀	hoàng	ai	60
療	liệu	confirmed	90
癃	lung	ai	60
癆	lao	confirmed	90
癇	giản	ai	60
癉	đan	ai	60
癉	đản	ai	60
癌	nham	ai	60
癍	ban	ai	60
癔	ý	ai	60
癖	tích	ai	60
癗	lỗi	ai	60
癘	lệ	ai	60
癜	điến	ai	60
癞	lại	ai	60
癟	biết	ai	60
癢	dưỡng	ai	60
癣	tiển	ai	60
癤	tiết	ai	60
癥	trưng	ai	60
癧	lịch	ai	60
癩	lại	ai	60
癫	điên	confirmed	90
癬	tiển	ai	60
癭	anh	ai	60
癮	ẩn	ai	60
癯	cù	ai	60
癰	ung	confirmed	90
癱	than	ai	60
癲	điên	confirmed	90
癸	quý	confirmed	90
登	đăng	confirmed	90
發	phát	confirmed	90
白	bạch	confirmed	90
百	bách	confirmed	90
癿	già	ai	60
皂	tạo	ai	60
的	đích	confirmed	90
的	để	ai	60
皆	giai	confirmed	90
皇	hoàng	confirmed	90
皈	quy	ai	60
皋	cao	confirmed	90
皎	kiểu	ai	60
皑	ngai	ai	60
皓	hạo	ai	60
皕	bức	ai	60
皖	hoàn	ai	60
皙	tích	ai	60
皚	ngai	ai	60
皛	hiểu	ai	60
皞	hạo	ai	60
皤	bà	ai	60
皦	kiểu	ai	60
皭	tước	ai	60
皮	bì	confirmed	90
皰	bào	ai	60
皱	trứu	ai	60
皲	quân	ai	60
皴	thuân	ai	60
皸	quân	ai	60
皺	trứu	ai	60
皿	mãnh	confirmed	90
盂	vu	ai	60
盅	chung	ai	60
盆	bồn	confirmed	90
盈	doanh	ai	60
盉	hòa	ai	60
益	ích	confirmed	90
盍	hạp	ai	60
盎	áng	confirmed	90
盏	trản	ai	60
盐	diêm	ai	60
监	giám	confirmed	90
监	giam	ai	60
盒	hạp	ai	60
盔	khôi	confirmed	90
盖	cái	confirmed	90
盖	cạp	ai	60
盗	đạo	confirmed	90
盘	bàn	confirmed	90
盛	thịnh	confirmed	90
盛	thành	ai	60
盜	đạo	ai	60
盞	trản	ai	60
盟	minh	ai	60
盡	tận	confirmed	90
監	giám	confirmed	90
監	giam	ai	60
盤	bàn	confirmed	90
盥	quán	ai	60
盦	am	ai	60
盧	lư	confirmed	90
盪	đãng	ai	60
目	mục	confirmed	90
盯	đinh	ai	60
盱	hu	ai	60
盲	manh	confirmed	90
直	trực	ai	60
盷	huyễn	ai	60
相	tương	confirmed	90
相	tướng	ai	60
盹	độn	ai	60
盼	phán	ai	60
盾	thuẫn	confirmed	90
省	tỉnh	confirmed	90
省	sảnh	ai	60
眄	miến	ai	60
眇	miểu	ai	60
眈	đam	ai	60
眉	mi	confirmed	90
眊	mạo	ai	60
看	khán	confirmed	90
看	khan	confirmed	90
眍	khu	ai	60
眙	di	ai	60
眚	sảnh	ai	60
真	chân	confirmed	90
眠	miên	confirmed	90
眢	oản	ai	60
眥	tí	ai	60
眦	tí	ai	60
眨	trát	ai	60
眩	huyễn	ai	60
眬	lung	ai	60
眭	tuy	ai	60
眯	mị	ai	60
眯	mê	ai	60
眵	si	ai	60
眶	khuông	ai	60
眷	quyến	confirmed	90
眸	mâu	ai	60
眺	thiếu	ai	60
眼	nhãn	confirmed	90
眾	chúng	confirmed	90
着	trước	ai	60
着	trứ	confirmed	90
着	trác	ai	60
睁	tranh	ai	60
睃	thoa	ai	60
睄	sảo	ai	60
睇	đệ	ai	60
睍	hiện	ai	60
睎	hy	ai	60
睏	khốn	ai	60
睐	lãi	ai	60
睑	kiểm	ai	60
睚	nhai	ai	60
睛	tinh	ai	60
睜	tranh	ai	60
睞	lãi	ai	60
睡	thụy	ai	60
睢	thư	ai	60
督	đốc	confirmed	90
睥	bễ	ai	60
睦	mục	confirmed	90
睨	nghễ	confirmed	90
睫	tiệp	ai	60
睬	thải	ai	60
睹	đổ	ai	60
睽	khuê	ai	60
睾	cao	ai	60
睿	duệ	ai	60
瞀	mậu	ai	60
瞄	miêu	ai	60
瞅	sầu	ai	60
瞋	sân	ai	60
瞌	khạp	ai	60
瞍	tẩu	ai	60
瞎	hạt	ai	60
瞑	minh	confirmed	90
瞒	man	confirmed	90
瞘	khu	ai	60
瞜	lâu	ai	60
瞞	man	confirmed	90
瞟	phiếu	ai	60
瞠	sanh	ai	60
瞢	măng	ai	60
瞥	phiết	ai	60
瞧	tiều	ai	60
瞩	chúc	ai	60
瞪	trừng	ai	60
瞫	thẩm	ai	60
瞬	thuấn	ai	60
瞭	liễu	ai	60
瞰	khám	ai	60
瞳	đồng	confirmed	90
瞵	lân	ai	60
瞻	chiêm	confirmed	90
瞼	kiểm	ai	60
瞽	cổ	ai	60
瞿	cù	ai	60
矇	mông	confirmed	90
矍	quắc	ai	60
矓	lung	ai	60
矗	súc	ai	60
矚	chúc	ai	60
矛	mâu	confirmed	90
矜	căng	confirmed	90
矜	khâm	ai	60
矞	duật	ai	60
矢	thỉ	confirmed	90
矣	hĩ	ai	60
知	tri	confirmed	90
知	trí	ai	60
矧	thẩn	confirmed	90
矩	củ	confirmed	90
矫	kiểu	confirmed	90
矬	tọa	ai	60
短	đoản	confirmed	90
矮	ải	ai	60
矯	kiểu	confirmed	90
矰	tăng	ai	60
石	thạch	confirmed	90
矶	ky	ai	60
矸	can	ai	60
矻	khốt	ai	60
矼	cang	ai	60
矾	phàn	confirmed	90
矿	khoáng	confirmed	90
砀	đãng	ai	60
码	mã	ai	60
砂	sa	ai	60
砄	quyết	ai	60
砆	phu	ai	60
砉	hoạch	ai	60
砌	thế	ai	60
砍	khảm	ai	60
砑	nhạ	ai	60
砒	tì	ai	60
研	nghiên	confirmed	90
砖	chuyên	ai	60
砗	xa	ai	60
砘	độn	ai	60
砚	nghiễn	confirmed	90
砜	phong	ai	60
砝	pháp	ai	60
砟	trá	ai	60
砠	thư	ai	60
砣	đà	ai	60
砥	để	ai	60
砧	châm	confirmed	90
砫	trụ	ai	60
砬	lạp	ai	60
砭	biêm	confirmed	90
砮	nỗ	ai	60
砰	phanh	ai	60
破	phá	confirmed	90
砵	bát	ai	60
砷	thân	ai	60
砸	tạp	ai	60
砹	ngải	ai	60
砺	lệ	ai	60
砻	lung	ai	60
砼	đồng	ai	60
砾	lịch	ai	60
础	sở	ai	60
硁	khanh	ai	60
硃	chu	ai	60
硅	khuê	ai	60
硇	nao	ai	60
硊	quỹ	ai	60
硌	các	ai	60
硍	khẳng	ai	60
硎	hình	ai	60
硐	động	ai	60
硒	tây	ai	60
硔	hồng	ai	60
硕	thạc	confirmed	90
硖	hiệp	ai	60
硗	nghiêu	ai	60
硙	ngại	ai	60
硚	kiều	ai	60
硜	khanh	ai	60
硝	tiêu	ai	60
硤	hiệp	ai	60
硨	xa	ai	60
硪	nga	ai	60
硫	lưu	confirmed	90
硬	ngạnh	confirmed	90
硭	mang	ai	60
确	xác	confirmed	90
硯	nghiễn	confirmed	90
硼	bằng	ai	60
硿	không	ai	60
碃	thinh	ai	60
碇	đĩnh	ai	60
碈	hôn	ai	60
碉	điêu	ai	60
碌	lục	ai	60
碍	ngại	confirmed	90
碎	toái	confirmed	90
碏	thước	ai	60
碑	bi	ai	60
碓	đối	ai	60
碗	oản	ai	60
碘	điển	ai	60
碚	bội	ai	60
碛	thích	ai	60
碜	sầm	ai	60
碟	điệp	ai	60
碡	trục	ai	60
碣	kiệt	ai	60
碥	biển	ai	60
碧	bích	confirmed	90
碨	ổi	ai	60
碩	thạc	confirmed	90
碭	đãng	ai	60
碰	bính	ai	60
碱	giảm	ai	60
碲	đế	ai	60
碳	thán	ai	60
碴	tra	ai	60
碶	khế	ai	60
碸	phong	ai	60
碹	tuyền	ai	60
確	xác	confirmed	90
碼	mã	ai	60
碾	niễn	ai	60
磁	từ	ai	60
磅	bảng	ai	60
磅	bàng	ai	60
磉	tảng	ai	60
磊	lỗi	ai	60
磋	tha	confirmed	90
磏	liêm	ai	60
磐	bàn	ai	60
磑	ngại	ai	60
磔	trách	ai	60
磕	khái	ai	60
磙	cổn	ai	60
磚	chuyên	ai	60
磜	thê	ai	60
磡	khám	ai	60
磣	sầm	ai	60
磧	thích	ai	60
磨	ma	ai	60
磨	mạ	ai	60
磬	khánh	confirmed	90
磯	ky	ai	60
磲	cừ	ai	60
磴	đặng	ai	60
磷	lân	confirmed	90
磹	đàm	ai	60
磻	bàn	ai	60
磽	nghiêu	ai	60
磾	đê	ai	60
礁	tiêu	ai	60
礄	kiều	ai	60
礅	đôn	ai	60
礌	lôi	ai	60
礎	sở	ai	60
礐	xác	ai	60
礓	cương	ai	60
礙	ngại	confirmed	90
礞	mông	ai	60
礦	khoáng	confirmed	90
礪	lệ	ai	60
礫	lịch	ai	60
礬	phàn	confirmed	90
礱	lung	ai	60
礴	bạc	ai	60
礵	sương	ai	60
示	thị	confirmed	90
礼	lễ	confirmed	90
社	xã	confirmed	90
祀	tự	ai	60
祁	kỳ	ai	60
祃	mã	ai	60
祆	hiên	ai	60
祇	kỳ	ai	60
祇	chi	ai	60
祈	kỳ	ai	60
祉	chỉ	ai	60
祊	phương	ai	60
祋	đối	ai	60
祎	y	ai	60
祏	thạch	ai	60
祐	hữu	ai	60
祓	phất	ai	60
祕	bí	ai	60
祖	tổ	ai	60
祗	chi	ai	60
祚	tộ	confirmed	90
祛	khư	ai	60
祜	hỗ	ai	60
祝	chúc	confirmed	90
神	thần	confirmed	90
祟	túy	ai	60
祠	từ	confirmed	90
祢	nễ	ai	60
祥	tường	ai	60
祧	thiêu	ai	60
票	phiếu	confirmed	90
祭	tế	confirmed	90
祯	trinh	ai	60
祲	tẩm	ai	60
祷	đảo	confirmed	90
祸	họa	confirmed	90
祺	kỳ	ai	60
祼	quán	ai	60
祾	lăng	ai	60
祿	lộc	confirmed	90
禀	bẩm	confirmed	90
禁	cấm	confirmed	90
禁	câm	ai	60
禄	lộc	confirmed	90
禅	thiền	ai	60
禅	thiện	ai	60
禊	hễ	ai	60
禋	nhân	ai	60
禍	họa	confirmed	90
禎	trinh	ai	60
福	phúc	confirmed	90
禒	triện	ai	60
禔	đề	ai	60
禕	y	ai	60
禘	đế	ai	60
禚	chước	ai	60
禛	chân	ai	60
禡	mã	ai	60
禤	huyên	ai	60
禦	ngự	ai	60
禧	hy	ai	60
禪	thiền	ai	60
禪	thiện	ai	60
禮	lễ	confirmed	90
禰	nễ	ai	60
禱	đảo	confirmed	90
禳	nhương	ai	60
禹	vũ	confirmed	90
禺	ngu	ai	60
离	ly	confirmed	90
禽	cầm	confirmed	90
禾	hòa	ai	60
禿	ngốc	ai	60
秀	tú	confirmed	90
私	tư	confirmed	90
秃	ngốc	ai	60
秆	cán	ai	60
秈	tiên	ai	60
秉	bỉnh	ai	60
秋	thu	confirmed	90
种	chủng	ai	60
种	chúng	ai	60
科	khoa	confirmed	90
秒	miểu	ai	60
秕	bỉ	ai	60
秘	bí	ai	60
租	tô	confirmed	90
秣	mạt	ai	60
秤	xứng	confirmed	90
秦	tần	ai	60
秧	ương	confirmed	90
秩	trật	confirmed	90
秫	thuật	ai	60
秬	cự	ai	60
秭	tỷ	ai	60
积	tích	confirmed	90
称	xưng	confirmed	90
称	xứng	ai	60
秸	kiết	ai	60
移	di	ai	60
秽	uế	confirmed	90
秾	nùng	ai	60
稀	hy	confirmed	90
稂	lang	ai	60
稃	phu	ai	60
稅	thuế	ai	60
稆	lữ	ai	60
稈	can	ai	60
程	trình	confirmed	90
稌	đồ	ai	60
稍	sảo	ai	60
税	thuế	confirmed	90
稑	lục	ai	60
稔	nhẫm	ai	60
稗	bại	ai	60
稙	trực	ai	60
稚	trĩ	ai	60
稞	khoa	ai	60
稟	bẩm	ai	60
稟	lẫm	ai	60
稠	trù	ai	60
稣	tô	ai	60
種	chủng	ai	60
種	chúng	ai	60
稱	xưng	confirmed	90
稱	xứng	ai	60
稳	ổn	ai	60
稷	tắc	ai	60
稹	chẩn	ai	60
稻	đạo	ai	60
稼	giá	ai	60
稽	kê	ai	60
稽	khể	ai	60
稿	cảo	ai	60
穀	cốc	ai	60
穄	tế	ai	60
穆	mục	ai	60
穇	sam	ai	60
穌	tô	ai	60
積	tích	confirmed	90
穎	dĩnh	confirmed	90
穑	sắc	ai	60
穗	tuệ	ai	60
穙	bộc	ai	60
穜	đồng	ai	60
穟	toại	ai	60
穠	nùng	ai	60
穡	sắc	ai	60
穢	uế	confirmed	90
穩	ổn	ai	60
穫	hoạch	confirmed	90
穭	lữ	ai	60
穰	nhương	ai	60
穴	huyệt	confirmed	90
究	cứu	confirmed	90
穷	cùng	confirmed	90
穸	tịch	ai	60
穹	khung	ai	60
空	không	confirmed	90
空	khống	ai	60
穿	xuyên	confirmed	90
窀	truân	ai	60
突	đột	confirmed	90
窃	thiết	ai	60
窄	trách	ai	60
窅	yểu	ai	60
窈	yểu	confirmed	90
窊	oa	ai	60
窍	khiếu	ai	60
窎	điếu	ai	60
窑	dao	ai	60
窒	trất	ai	60
窕	diểu	ai	60
窖	giáo	ai	60
窗	song	confirmed	90
窘	quẫn	confirmed	90
窜	thoán	ai	60
窝	oa	ai	60
窟	quật	ai	60
窠	khoa	ai	60
窣	tốt	ai	60
窥	khuy	ai	60
窦	đậu	ai	60
窨	ấm	ai	60
窩	oa	ai	60
窪	oa	ai	60
窬	du	ai	60
窭	lũ	ai	60
窮	cùng	confirmed	90
窯	dao	ai	60
窳	dũ	ai	60
窵	điếu	ai	60
窶	lũ	ai	60
窸	tất	ai	60
窺	khuy	ai	60
窿	long	ai	60
竄	thoán	ai	60
竅	khiếu	ai	60
竇	đậu	ai	60
竈	táo	ai	60
竊	thiết	ai	60
立	lập	confirmed	90
竑	hoành	ai	60
竖	thụ	ai	60
竘	củ	ai	60
站	trạm	confirmed	90
竞	cạnh	ai	60
竟	cánh	confirmed	90
章	chương	confirmed	90
竣	thuân	ai	60
童	đồng	confirmed	90
竦	tủng	ai	60
竪	thụ	ai	60
竫	tĩnh	ai	60
竭	kiệt	confirmed	90
端	đoan	confirmed	90
競	cạnh	ai	60
竹	trúc	confirmed	90
竺	trúc	ai	60
竽	vu	ai	60
竿	can	ai	60
笃	đốc	confirmed	90
笄	kê	ai	60
笆	ba	ai	60
笈	cập	ai	60
笊	tráo	ai	60
笋	duẩn	ai	60
笏	hốt	ai	60
笑	tiếu	ai	60
笔	bút	confirmed	90
笕	kiển	ai	60
笙	sanh	confirmed	90
笛	địch	confirmed	90
笞	si	ai	60
笠	lạp	ai	60
笤	điều	ai	60
笥	tứ	ai	60
符	phù	ai	60
笨	bổn	ai	60
笪	đát	ai	60
笫	chỉ	ai	60
第	đệ	confirmed	90
笮	trách	ai	60
笯	nô	ai	60
笱	cẩu	ai	60
笳	già	ai	60
笸	phả	ai	60
笺	tiên	ai	60
笼	lung	ai	60
笼	lũng	ai	60
笾	biên	ai	60
筀	quế	ai	60
筅	tiển	ai	60
筆	bút	confirmed	90
筇	cùng	ai	60
等	đẳng	confirmed	90
筋	cân	ai	60
筌	thuyên	ai	60
筍	duẩn	ai	60
筏	phiệt	ai	60
筐	khuông	ai	60
筑	trúc	confirmed	90
筒	đồng	confirmed	90
答	đáp	confirmed	90
策	sách	confirmed	90
筘	khấu	ai	60
筚	tất	ai	60
筛	si	ai	60
筜	đương	ai	60
筝	tranh	confirmed	90
筠	quân	ai	60
筠	vân	ai	60
筢	bà	ai	60
筤	lang	ai	60
筥	cử	ai	60
筦	quản	ai	60
筧	kiển	ai	60
筮	thệ	ai	60
筱	tiểu	ai	60
筲	sao	ai	60
筵	diên	ai	60
筶	cáo	ai	60
筷	khoái	ai	60
筹	trù	ai	60
筻	cương	ai	60
筼	vân	ai	60
签	thiêm	ai	60
简	giản	confirmed	90
箅	bí	ai	60
箋	tiên	ai	60
箍	cô	ai	60
箏	tranh	confirmed	90
箐	tinh	ai	60
箓	lục	ai	60
箔	bạc	ai	60
箕	ki	ai	60
箖	lâm	ai	60
算	toán	confirmed	90
箜	không	ai	60
管	quản	confirmed	90
箢	uyển	ai	60
箦	trách	ai	60
箧	khiếp	ai	60
箨	thác	ai	60
箩	la	ai	60
箪	đan	ai	60
箫	tiêu	confirmed	90
箬	nhược	ai	60
箭	tiễn	confirmed	90
箱	tương	ai	60
箴	châm	confirmed	90
箸	trợ	ai	60
節	tiết	confirmed	90
節	tiệt	ai	60
篁	hoàng	ai	60
範	phạm	ai	60
篆	triện	confirmed	90
篇	thiên	ai	60
築	trúc	ai	60
篋	khiếp	ai	60
篌	hầu	ai	60
篑	quĩ	ai	60
篓	lâu	ai	60
篔	vân	ai	60
篙	cao	ai	60
篚	phỉ	ai	60
篝	câu	ai	60
篡	soán	ai	60
篢	cống	ai	60
篤	đốc	confirmed	90
篥	lật	ai	60
篦	bí	ai	60
篩	si	ai	60
篪	trì	ai	60
篮	lam	ai	60
篯	tiên	ai	60
篱	ly	ai	60
篳	tất	ai	60
篷	bồng	ai	60
篼	đâu	ai	60
篾	miệt	ai	60
簀	trách	ai	60
簃	di	ai	60
簇	thốc	ai	60
簉	sứu	ai	60
簋	quỹ	ai	60
簌	tốc	ai	60
簍	lũ	ai	60
簏	lộc	ai	60
簕	lặc	ai	60
簖	đoạn	ai	60
簝	liêu	ai	60
簞	đan	ai	60
簟	điệm	ai	60
簠	phủ	ai	60
簡	giản	confirmed	90
簣	quỹ	ai	60
簧	hoàng	ai	60
簪	trâm	confirmed	90
簫	tiêu	confirmed	90
簰	bài	ai	60
簸	bá	ai	60
簹	đang	ai	60
簽	thiêm	ai	60
簾	liêm	ai	60
簿	bạ	ai	60
簿	bộ	ai	60
籀	trứu	ai	60
籁	lại	ai	60
籃	lam	ai	60
籌	trù	ai	60
籍	tịch	ai	60
籙	lục	ai	60
籛	tiên	ai	60
籜	thác	ai	60
籟	lại	ai	60
籠	lung	ai	60
籠	lũng	ai	60
籤	thiêm	ai	60
籥	dược	ai	60
籩	biên	ai	60
籪	đoạn	ai	60
籬	ly	ai	60
籮	la	ai	60
籲	dụ	ai	60
米	mễ	ai	60
籴	địch	ai	60
类	loại	confirmed	90
籼	tiên	ai	60
籽	tử	ai	60
粉	phấn	confirmed	90
粑	ba	ai	60
粒	lạp	confirmed	90
粕	phách	ai	60
粗	thô	confirmed	90
粘	niêm	ai	60
粜	thiếu	ai	60
粝	lệ	ai	60
粞	tê	ai	60
粟	túc	ai	60
粢	tư	ai	60
粤	việt	ai	60
粥	chúc	ai	60
粪	phẩn	ai	60
粮	lương	confirmed	90
粱	lương	ai	60
粲	xán	ai	60
粳	canh	ai	60
粵	việt	ai	60
粹	túy	confirmed	90
粼	lân	ai	60
粽	tống	ai	60
精	tinh	confirmed	90
粿	quả	ai	60
糁	tảm	ai	60
糅	nhu	ai	60
糇	hầu	ai	60
糈	tư	ai	60
糊	hồ	confirmed	90
糌	tảm	ai	60
糍	từ	ai	60
糒	bị	ai	60
糕	cao	ai	60
糖	đường	confirmed	90
糗	khứu	ai	60
糙	tháo	ai	60
糜	mi	ai	60
糝	tảm	ai	60
糞	phân	confirmed	90
糟	tao	ai	60
糠	khang	ai	60
糧	lương	confirmed	90
糨	cương	ai	60
糯	nhu	ai	60
糰	đoàn	ai	60
糲	lệ	ai	60
糴	địch	ai	60
糵	nghiệt	ai	60
糶	thiếu	ai	60
系	hệ	confirmed	90
糾	củ	ai	60
紀	kỷ	confirmed	90
紂	trụ	ai	60
紃	tuần	ai	60
約	ước	confirmed	90
紅	hồng	confirmed	90
紆	hu	ai	60
紇	hột	confirmed	90
紈	hoàn	ai	60
紉	nhận	ai	60
紊	vặn	ai	60
紋	văn	confirmed	90
納	nạp	confirmed	90
紐	nữu	ai	60
紓	thư	ai	60
純	thuần	confirmed	90
紕	phi	ai	60
紖	dẫn	ai	60
紗	sa	confirmed	90
紘	hoành	ai	60
紙	chỉ	confirmed	90
級	cấp	confirmed	90
紛	phân	confirmed	90
紜	vân	ai	60
紝	nhẫm	ai	60
紞	đảm	ai	60
素	tố	confirmed	90
紡	phưởng	ai	60
索	sách	confirmed	90
紧	khẩn	confirmed	90
紫	tử	ai	60
累	luy	ai	60
累	lũy	ai	60
細	tế	ai	60
紱	phất	ai	60
紲	tiết	ai	60
紳	thân	ai	60
紵	trữ	ai	60
紹	thiệu	confirmed	90
紺	cám	ai	60
紼	phất	ai	60
紿	đãi	ai	60
絀	truất	ai	60
終	chung	confirmed	90
組	tổ	confirmed	90
絅	quýnh	ai	60
絆	bán	ai	60
絎	hàng	ai	60
結	kết	confirmed	90
絕	tuyệt	ai	60
絜	hiết	ai	60
絝	khố	ai	60
絞	giảo	confirmed	90
絡	lạc	ai	60
絢	huyễn	ai	60
給	cấp	confirmed	90
絨	nhung	confirmed	90
絪	nhân	ai	60
絮	nhứ	ai	60
絰	điệt	ai	60
統	thống	confirmed	90
絲	ti	ai	60
絳	giáng	ai	60
絶	tuyệt	confirmed	90
絷	chấp	ai	60
絹	quyên	ai	60
絺	si	ai	60
綁	bảng	ai	60
綃	tiêu	ai	60
綄	hoàn	ai	60
綆	cảnh	ai	60
綈	đề	ai	60
綉	tú	confirmed	90
綌	khích	ai	60
綎	đinh	ai	60
綏	tuy	ai	60
經	kinh	confirmed	90
綖	diên	ai	60
綜	tống	ai	60
綝	sâm	ai	60
綠	lục	confirmed	90
綡	lương	ai	60
綢	trù	ai	60
綣	quyển	ai	60
綦	kỳ	ai	60
綧	chuẩn	ai	60
綪	khiếm	ai	60
綫	tuyến	ai	60
綬	thụ	ai	60
維	duy	ai	60
綮	khể	ai	60
綯	đào	ai	60
綰	oản	ai	60
綱	cương	confirmed	90
網	võng	confirmed	90
綳	banh	ai	60
綴	chuế	ai	60
綸	luân	confirmed	90
綹	lữu	ai	60
綺	ỷ	ai	60
綻	trán	ai	60
綽	xước	confirmed	90
綾	lăng	ai	60
綿	miên	confirmed	90
緄	cổn	ai	60
緇	truy	ai	60
緊	khẩn	confirmed	90
緋	phi	ai	60
緑	lục	ai	60
緒	tự	ai	60
緔	thượng	ai	60
緗	tương	ai	60
緘	giam	ai	60
緙	khắc	ai	60
線	tuyến	ai	60
緝	tập	ai	60
緞	đoạn	confirmed	90
締	đế	ai	60
緡	mân	ai	60
緣	duyên	confirmed	90
緦	ty	ai	60
編	biên	confirmed	90
緩	hoãn	ai	60
緬	miễn	ai	60
緯	vĩ	confirmed	90
緱	câu	ai	60
緲	miểu	ai	60
練	luyện	confirmed	90
緹	đề	ai	60
緻	trí	ai	60
緼	uân	ai	60
縈	oanh	ai	60
縉	tấn	ai	60
縊	ải	confirmed	90
縋	trúy	ai	60
縐	trứu	ai	60
縑	kiêm	ai	60
縕	uân	ai	60
縗	thôi	ai	60
縛	phọc	ai	60
縝	chẩn	ai	60
縞	cảo	ai	60
縟	nhục	ai	60
縠	hộc	ai	60
縢	đằng	ai	60
縣	huyện	confirmed	90
縧	thao	ai	60
縫	phùng	ai	60
縭	ly	ai	60
縮	súc	ai	60
縯	diễn	ai	60
縱	tung	confirmed	90
縱	túng	ai	60
縲	luy	ai	60
縴	khiên	ai	60
縵	mạn	ai	60
縶	chấp	ai	60
縷	lũ	ai	60
縹	phiêu	ai	60
縻	mi	ai	60
總	tổng	confirmed	90
績	tích	confirmed	90
繁	phồn	confirmed	90
繃	banh	ai	60
繄	ế	ai	60
繅	tảo	ai	60
繆	mậu	ai	60
繆	mâu	ai	60
繇	dao	ai	60
繇	do	ai	60
繒	tăng	ai	60
織	chức	confirmed	90
繕	thiện	ai	60
繚	liễu	ai	60
繞	nhiễu	confirmed	90
繡	tú	ai	60
繩	thằng	confirmed	90
繪	hội	ai	60
繫	hệ	ai	60
繭	kiển	ai	60
繮	cương	ai	60
繯	hoàn	ai	60
繰	thao	confirmed	90
繰	tảo	ai	60
繳	giảo	ai	60
繶	ức	ai	60
繹	dịch	ai	60
繻	nhu	ai	60
繼	kế	confirmed	90
繽	tân	ai	60
繾	khiển	ai	60
纁	huân	ai	60
纂	toản	ai	60
纆	mặc	ai	60
纈	hiệt	ai	60
纊	khoáng	ai	60
續	tục	confirmed	90
纍	luy	ai	60
纏	triền	confirmed	90
纓	anh	ai	60
纔	tài	ai	60
纕	tương	ai	60
纖	tiêm	ai	60
纘	toản	ai	60
纛	đạo	ai	60
纜	lãm	ai	60
纠	củ	ai	60
纡	hu	ai	60
红	hồng	confirmed	90
纣	trụ	ai	60
纤	tiêm	ai	60
纥	hột	confirmed	90
约	ước	confirmed	90
级	cấp	confirmed	90
纨	hoàn	ai	60
纩	khoáng	ai	60
纪	kỷ	confirmed	90
纫	nhận	ai	60
纬	vĩ	confirmed	90
纭	vân	ai	60
纮	hoành	ai	60
纯	thuần	confirmed	90
纰	phi	ai	60
纱	sa	confirmed	90
纲	cương	confirmed	90
纳	nạp	confirmed	90
纴	nhậm	ai	60
纵	tung	confirmed	90
纵	túng	ai	60
纶	luân	confirmed	90
纷	phân	confirmed	90
纸	chỉ	confirmed	90
纹	văn	confirmed	90
纺	phưởng	ai	60
纻	trữ	ai	60
纼	dẫn	ai	60
纽	nữu	ai	60
纾	thư	ai	60
线	tuyến	ai	60
绀	cám	ai	60
绁	tiết	ai	60
绂	phất	ai	60
练	luyện	confirmed	90
组	tổ	confirmed	90
绅	thân	ai	60
细	tế	ai	60
织	chức	confirmed	90
终	chung	confirmed	90
绉	trứu	ai	60
绊	bán	ai	60
绋	phất	ai	60
绌	truất	ai	60
绍	thiệu	confirmed	90
绎	dịch	ai	60
经	kinh	confirmed	90
绐	đãi	ai	60
绑	bảng	ai	60
绒	nhung	confirmed	90
结	kết	confirmed	90
绔	khố	ai	60
绕	nhiễu	confirmed	90
绖	điệt	ai	60
绗	hàng	ai	60
绘	hội	ai	60
给	cấp	confirmed	90
绚	huyễn	ai	60
绛	giáng	ai	60
络	lạc	ai	60
绝	tuyệt	confirmed	90
绞	giảo	confirmed	90
统	thống	confirmed	90
绠	cảnh	ai	60
绡	tiêu	ai	60
绢	quyên	ai	60
绣	tú	confirmed	90
绤	khích	ai	60
绥	tuy	ai	60
绦	thao	ai	60
继	kế	confirmed	90
绨	đề	ai	60
绩	tích	confirmed	90
绪	tự	ai	60
绫	lăng	ai	60
续	tục	confirmed	90
绮	ỷ	ai	60
绯	phi	ai	60
绰	xước	confirmed	90
绱	thượng	ai	60
绲	cổn	ai	60
绳	thằng	confirmed	90
维	duy	ai	60
绵	miên	confirmed	90
绶	thụ	ai	60
绷	băng	ai	60
绸	trù	ai	60
绹	đào	ai	60
绺	lữu	ai	60
绻	quyển	ai	60
综	tống	ai	60
绽	trán	ai	60
绾	oản	ai	60
绿	lục	confirmed	90
缀	chuế	ai	60
缁	truy	ai	60
缂	khắc	ai	60
缃	tương	ai	60
缄	giam	ai	60
缅	miễn	ai	60
缆	lãm	ai	60
缇	đề	ai	60
缈	miểu	ai	60
缉	tập	ai	60
缊	uẩn	ai	60
缌	ty	ai	60
缎	đoạn	confirmed	90
缐	tuyến	ai	60
缑	câu	ai	60
缒	trụy	ai	60
缓	hoãn	ai	60
缔	đế	ai	60
缕	lũ	ai	60
编	biên	confirmed	90
缗	mân	ai	60
缘	duyên	confirmed	90
缙	tấn	ai	60
缚	phọc	ai	60
缛	nhục	ai	60
缜	chẩn	ai	60
缝	phùng	ai	60
缞	thôi	ai	60
缟	cảo	ai	60
缠	triền	confirmed	90
缡	ly	ai	60
缢	ế	ai	60
缣	kiêm	ai	60
缤	tân	ai	60
缥	phiêu	ai	60
缦	mạn	ai	60
缧	luy	ai	60
缨	anh	ai	60
缩	súc	ai	60
缪	mậu	ai	60
缪	mâu	ai	60
缫	tao	ai	60
缬	hiệt	ai	60
缭	liêu	ai	60
缮	thiện	ai	60
缯	tăng	ai	60
缰	cương	confirmed	90
缱	khiển	ai	60
缲	thao	confirmed	90
缳	hoàn	ai	60
缴	giảo	ai	60
缵	toản	ai	60
缶	phữu	ai	60
缸	hang	ai	60
缺	khuyết	confirmed	90
缽	bát	confirmed	90
罂	anh	ai	60
罃	anh	ai	60
罄	khánh	confirmed	90
罅	hạ	ai	60
罈	đàn	ai	60
罌	anh	ai	60
罍	lôi	ai	60
罎	đàn	ai	60
罐	quán	ai	60
网	võng	confirmed	90
罔	võng	ai	60
罕	hãn	ai	60
罗	la	confirmed	90
罘	phù	ai	60
罚	phạt	confirmed	90
罟	cổ	ai	60
罡	cương	ai	60
罢	bãi	confirmed	90
罨	yểm	ai	60
罩	tráo	ai	60
罪	tội	confirmed	90
置	trí	confirmed	90
罰	phạt	confirmed	90
罱	lãm	ai	60
署	thự	ai	60
罴	bi	ai	60
罵	mạ	confirmed	90
罶	lữu	ai	60
罷	bãi	confirmed	90
罹	ly	ai	60
罽	kế	ai	60
罾	tăng	ai	60
羁	ky	ai	60
羅	la	confirmed	90
羆	bi	ai	60
羈	ky	ai	60
羊	dương	confirmed	90
羋	mị	ai	60
羌	khương	ai	60
美	mỹ	ai	60
羑	dũ	ai	60
羓	ba	ai	60
羔	cao	ai	60
羕	dạng	ai	60
羖	cổ	ai	60
羚	linh	ai	60
羝	đê	ai	60
羞	tu	ai	60
羟	thương	ai	60
羡	tiện	confirmed	90
群	quần	confirmed	90
羥	khiên	ai	60
羥	thinh	ai	60
羧	toan	ai	60
義	nghĩa	confirmed	90
羯	kiệt	ai	60
羰	thang	ai	60
羱	nguyên	ai	60
羲	hy	ai	60
羸	luy	ai	60
羹	canh	ai	60
羼	sản	ai	60
羽	vũ	ai	60
羿	nghệ	ai	60
翀	xung	ai	60
翁	ông	confirmed	90
翂	phân	ai	60
翃	hoành	ai	60
翅	sí	ai	60
翈	hạp	ai	60
翊	dực	ai	60
翌	dực	ai	60
翎	linh	confirmed	90
習	tập	confirmed	90
翔	tường	ai	60
翕	hấp	confirmed	90
翘	kiều	ai	60
翘	kiếu	ai	60
翙	hối	ai	60
翚	huy	ai	60
翛	tiêu	ai	60
翟	địch	ai	60
翟	trạch	ai	60
翠	thúy	confirmed	90
翡	phỉ	confirmed	90
翥	chứ	ai	60
翦	tiễn	ai	60
翩	phiên	ai	60
翬	huy	ai	60
翮	cách	ai	60
翯	hạc	ai	60
翰	hàn	ai	60
翱	ngao	ai	60
翳	ế	ai	60
翷	lân	ai	60
翹	kiều	ai	60
翹	kiêu	ai	60
翻	phiên	ai	60
翼	dực	confirmed	90
翽	hối	ai	60
翾	huyên	ai	60
耀	diệu	ai	60
老	lão	confirmed	90
考	khảo	confirmed	90
耄	mạo	ai	60
者	giả	ai	60
耆	kỳ	ai	60
耇	cẩu	ai	60
耋	điệt	ai	60
而	nhi	ai	60
耍	sái	ai	60
耏	nhi	ai	60
耐	nại	ai	60
耑	đoan	ai	60
耒	lỗi	ai	60
耔	tử	ai	60
耕	canh	confirmed	90
耖	sáo	ai	60
耗	háo	ai	60
耘	vân	ai	60
耙	bá	confirmed	90
耙	bà	confirmed	90
耜	tự	ai	60
耠	hoát	ai	60
耢	lạo	ai	60
耤	tịch	ai	60
耥	thảng	ai	60
耦	ngẫu	ai	60
耧	lâu	ai	60
耨	nậu	confirmed	90
耩	giảng	ai	60
耪	bảng	ai	60
耬	lâu	ai	60
耮	lão	ai	60
耰	ưu	ai	60
耱	mạ	ai	60
耳	nhĩ	confirmed	90
耵	đinh	ai	60
耶	da	ai	60
耶	gia	ai	60
耷	đạp	ai	60
耸	tủng	ai	60
耻	sỉ	ai	60
耽	đam	ai	60
耿	cảnh	ai	60
聂	niếp	ai	60
聃	đam	ai	60
聆	linh	ai	60
聊	liêu	ai	60
聋	lung	ai	60
职	chức	confirmed	90
聍	ninh	ai	60
聒	quát	ai	60
联	liên	confirmed	90
聖	thánh	confirmed	90
聘	sính	ai	60
聚	tụ	confirmed	90
聞	văn	ai	60
聞	vấn	ai	60
聩	hội	ai	60
聪	thông	confirmed	90
聯	liên	confirmed	90
聰	thông	confirmed	90
聱	ngao	ai	60
聲	thanh	confirmed	90
聳	tủng	ai	60
聵	hội	ai	60
聶	niếp	ai	60
職	chức	confirmed	90
聹	ninh	ai	60
聽	thính	confirmed	90
聾	lung	ai	60
聿	duật	ai	60
肃	túc	ai	60
肄	dị	ai	60
肅	túc	ai	60
肆	tứ	ai	60
肇	triệu	ai	60
肉	nhục	ai	60
肋	lặc	ai	60
肌	cơ	ai	60
肓	hoang	ai	60
肖	tiếu	ai	60
肖	tiêu	ai	60
肘	trửu	ai	60
肚	đỗ	ai	60
肛	giang	ai	60
肝	can	ai	60
肟	ốc	ai	60
肠	tràng	ai	60
股	cổ	confirmed	90
肢	chi	confirmed	90
肤	phu	ai	60
肥	phì	confirmed	90
肩	kiên	ai	60
肪	phương	ai	60
肫	truân	ai	60
肭	nạp	ai	60
肮	kháng	ai	60
肯	khẳng	confirmed	90
肱	quăng	confirmed	90
育	dục	confirmed	90
肴	hào	ai	60
肷	khiểm	ai	60
肸	hật	ai	60
肺	phế	ai	60
肼	tỉnh	ai	60
肽	thái	ai	60
肾	thận	confirmed	90
肿	thũng	confirmed	90
胀	trướng	confirmed	90
胁	hiếp	confirmed	90
胂	thận	ai	60
胃	vị	ai	60
胄	trụ	confirmed	90
胆	đảm	confirmed	90
胈	bạt	ai	60
背	bối	confirmed	90
背	bội	ai	60
胍	qua	ai	60
胎	thai	confirmed	90
胖	bàn	ai	60
胖	bạng	ai	60
胗	chẩn	confirmed	90
胙	tạc	ai	60
胚	phôi	ai	60
胛	giáp	ai	60
胜	thắng	confirmed	90
胝	chi	ai	60
胞	bào	confirmed	90
胠	khư	ai	60
胡	hồ	ai	60
胣	sỉ	ai	60
胤	dận	confirmed	90
胥	tư	ai	60
胧	lung	ai	60
胨	đống	ai	60
胩	khả	ai	60
胪	lư	ai	60
胫	hĩnh	ai	60
胬	nỗ	ai	60
胭	yên	ai	60
胯	khóa	ai	60
胰	di	ai	60
胱	quang	ai	60
胲	hài	ai	60
胳	cách	ai	60
胴	đỗng	ai	60
胶	giao	ai	60
胸	hung	ai	60
胺	an	ai	60
胼	biền	ai	60
能	năng	confirmed	90
脂	chi	ai	60
脅	hiếp	confirmed	90
脆	thúy	ai	60
脈	mạch	ai	60
脉	mạch	ai	60
脊	tích	ai	60
脍	quái	ai	60
脎	sát	ai	60
脏	tạng	confirmed	90
脐	tề	ai	60
脑	não	confirmed	90
脒	mễ	ai	60
脓	nùng	ai	60
脔	luyến	ai	60
脖	bột	ai	60
脘	quản	ai	60
脚	cước	ai	60
脛	hĩnh	ai	60
脛	kính	ai	60
脞	thỏa	ai	60
脟	liệt	ai	60
脩	tu	ai	60
脫	thoát	ai	60
脬	phao	ai	60
脯	bô	ai	60
脯	phủ	ai	60
脱	thoát	confirmed	90
脲	niệu	ai	60
脶	qua	ai	60
脸	kiểm	ai	60
脹	trướng	confirmed	90
脾	tỳ	confirmed	90
脿	biểu	ai	60
腆	thiển	ai	60
腈	tinh	ai	60
腊	lạp	ai	60
腊	tích	ai	60
腋	dịch	ai	60
腌	yêm	ai	60
腌	yểm	ai	60
腎	thận	confirmed	90
腐	hủ	confirmed	90
腑	phủ	confirmed	90
腒	cư	ai	60
腓	phì	ai	60
腔	khang	ai	60
腕	oản	confirmed	90
腖	đông	ai	60
腘	quốc	ai	60
腙	tông	ai	60
腚	đĩnh	ai	60
腠	thấu	ai	60
腡	qua	ai	60
腥	tinh	ai	60
腦	não	confirmed	90
腧	du	ai	60
腨	thoãn	ai	60
腩	nậm	ai	60
腫	thũng	confirmed	90
腫	thủng	ai	60
腭	ngạc	ai	60
腮	tai	ai	60
腯	đột	ai	60
腰	yêu	confirmed	90
腱	kiện	ai	60
腳	cước	ai	60
腴	du	ai	60
腸	tràng	ai	60
腹	phúc	ai	60
腺	tuyến	ai	60
腻	nị	ai	60
腼	điến	ai	60
腽	ốt	ai	60
腾	đằng	ai	60
腿	thối	ai	60
膀	bàng	ai	60
膀	bảng	ai	60
膂	lữ	ai	60
膃	ột	ai	60
膈	cách	ai	60
膊	bác	ai	60
膏	cao	confirmed	90
膑	tẫn	ai	60
膕	quắc	ai	60
膘	phiêu	ai	60
膙	cương	ai	60
膚	phu	ai	60
膛	đường	ai	60
膜	mô	ai	60
膝	tất	ai	60
膞	chuyên	ai	60
膠	giao	ai	60
膢	lâu	ai	60
膦	lân	ai	60
膨	bành	confirmed	90
膩	nị	ai	60
膳	thiện	ai	60
膺	ưng	ai	60
膻	thiên	ai	60
膽	đảm	confirmed	90
膾	quái	ai	60
膿	nùng	ai	60
臀	đồn	ai	60
臂	tý	ai	60
臃	ung	ai	60
臆	ức	ai	60
臉	kiểm	ai	60
臊	tao	ai	60
臌	cổ	ai	60
臍	tề	ai	60
臏	bẫn	ai	60
臑	não	ai	60
臘	lạp	ai	60
臚	lư	ai	60
臜	tạp	ai	60
臟	tạng	confirmed	90
臠	luyến	ai	60
臢	tán	ai	60
臣	thần	confirmed	90
臧	tang	confirmed	90
臨	lâm	ai	60
自	tự	confirmed	90
臬	niết	ai	60
臭	xú	confirmed	90
至	chí	confirmed	90
致	trí	ai	60
臺	đài	ai	60
臻	trăn	ai	60
臼	cữu	ai	60
臾	du	ai	60
舀	yểu	ai	60
舁	dư	ai	60
舂	thung	confirmed	90
舄	tích	ai	60
舅	cữu	ai	60
舆	dư	ai	60
與	dữ	confirmed	90
與	dự	ai	60
興	hưng	confirmed	90
興	hứng	ai	60
舉	cử	confirmed	90
舊	cựu	ai	60
舌	thiệt	confirmed	90
舍	xá	confirmed	90
舍	xả	confirmed	90
舐	thỉ	ai	60
舒	thư	confirmed	90
舔	thiểm	ai	60
舛	suyễn	ai	60
舜	thuấn	confirmed	90
舞	vũ	confirmed	90
舟	chu	ai	60
舠	đao	ai	60
舢	sơn	ai	60
舣	nghĩ	ai	60
舥	ba	ai	60
航	hàng	confirmed	90
舫	phảng	ai	60
般	ban	ai	60
般	bàn	confirmed	90
舭	tỷ	ai	60
舯	trung	ai	60
舰	hạm	ai	60
舱	thương	ai	60
舲	linh	ai	60
舳	trục	ai	60
舴	trách	ai	60
舵	đà	ai	60
舶	bạc	ai	60
舷	huyền	ai	60
舸	cả	ai	60
船	thuyền	confirmed	90
舻	lô	ai	60
舾	tây	ai	60
艄	sao	ai	60
艅	dư	ai	60
艇	đĩnh	ai	60
艉	vĩ	ai	60
艋	mãnh	ai	60
艎	hoàng	ai	60
艏	thủ	ai	60
艘	sưu	ai	60
艙	thương	ai	60
艚	tào	ai	60
艟	xung	ai	60
艤	nghĩ	ai	60
艦	hạm	ai	60
艨	mông	ai	60
艫	lô	ai	60
艮	cấn	confirmed	90
良	lương	confirmed	90
艰	gian	confirmed	90
艱	gian	confirmed	90
色	sắc	confirmed	90
艳	diễm	confirmed	90
艴	phất	ai	60
艷	diễm	confirmed	90
艺	nghệ	confirmed	90
艽	giao	ai	60
艾	ngải	confirmed	90
艿	nãi	confirmed	90
节	tiết	confirmed	90
芃	bồng	ai	60
芄	hoàn	ai	60
芈	mị	ai	60
芊	thiên	ai	60
芋	dụ	ai	60
芍	thược	confirmed	90
芎	khung	confirmed	90
芏	đỗ	ai	60
芑	khỉ	ai	60
芒	mang	confirmed	90
芗	hương	ai	60
芘	tỳ	ai	60
芙	phù	confirmed	90
芜	vu	ai	60
芝	chi	confirmed	90
芟	sam	confirmed	90
芠	văn	ai	60
芡	khiếm	ai	60
芣	phù	ai	60
芤	khâu	ai	60
芥	giới	ai	60
芦	lô	ai	60
芨	cập	ai	60
芩	cầm	ai	60
芪	kỳ	ai	60
芫	nguyên	ai	60
芬	phân	ai	60
芭	ba	ai	60
芮	nhuế	ai	60
芯	tâm	ai	60
芰	kỵ	ai	60
花	hoa	confirmed	90
芳	phương	ai	60
芴	vật	ai	60
芷	chỉ	confirmed	90
芸	vân	ai	60
芹	cần	confirmed	90
芻	sô	ai	60
芼	mạo	ai	60
芽	nha	ai	60
芾	phất	ai	60
苁	thông	ai	60
苄	biện	ai	60
苇	vi	ai	60
苈	lịch	confirmed	90
苉	thất	ai	60
苊	ách	ai	60
苋	hiện	ai	60
苌	trường	ai	60
苍	thương	ai	60
苎	trữ	ai	60
苏	tô	ai	60
苑	uyển	ai	60
苒	nhiễm	ai	60
苓	linh	confirmed	90
苔	đài	ai	60
苕	thiều	ai	60
苗	miêu	ai	60
苘	khoảnh	ai	60
苛	hà	ai	60
苜	mục	ai	60
苞	bao	ai	60
苟	cẩu	ai	60
苠	mân	ai	60
苡	dĩ	ai	60
苣	cự	ai	60
苤	phiết	ai	60
若	nhược	confirmed	90
苦	khổ	confirmed	90
苧	trữ	ai	60
苫	thiêm	ai	60
苯	bản	ai	60
英	anh	confirmed	90
苴	tư	ai	60
苷	cam	ai	60
苹	bình	ai	60
苻	phù	ai	60
苾	bật	ai	60
茀	phất	confirmed	90
茁	trác	ai	60
茂	mậu	ai	60
范	phạm	ai	60
茄	gia	ai	60
茄	già	ai	60
茅	mao	ai	60
茆	mão	ai	60
茈	tử	ai	60
茉	mạt	ai	60
茋	chỉ	ai	60
茌	trì	ai	60
茎	kinh	ai	60
茏	lung	ai	60
茑	điểu	ai	60
茓	duật	ai	60
茔	doanh	ai	60
茕	quỳnh	ai	60
茗	mính	ai	60
茚	ấn	ai	60
茛	cấn	ai	60
茜	thiến	ai	60
茜	tây	ai	60
茝	chỉ	ai	60
茧	kiển	ai	60
茨	từ	ai	60
茫	mang	ai	60
茬	tra	ai	60
茭	giao	ai	60
茯	phục	ai	60
茱	chu	ai	60
茲	tư	ai	60
茳	giang	ai	60
茴	hồi	ai	60
茵	nhân	ai	60
茶	trà	confirmed	90
茸	nhung	ai	60
茸	nhũ	ai	60
茹	như	ai	60
茹	nhự	ai	60
茺	sung	ai	60
茼	đồng	ai	60
茽	trọng	ai	60
荀	tuân	ai	60
荁	hoàn	ai	60
荃	thuyên	ai	60
荄	cai	ai	60
荆	kinh	ai	60
荇	hạnh	ai	60
草	thảo	confirmed	90
荊	kinh	ai	60
荏	nhẫm	ai	60
荐	tiến	ai	60
荑	đề	ai	60
荑	di	confirmed	90
荒	hoang	confirmed	90
荓	bình	ai	60
荔	lệ	confirmed	90
荖	lão	ai	60
荙	đạt	ai	60
荚	giáp	ai	60
荛	nhiêu	ai	60
荜	tất	ai	60
荞	kiều	confirmed	90
荟	hội	ai	60
荠	tề	ai	60
荠	tễ	ai	60
荡	đãng	confirmed	90
荣	vinh	confirmed	90
荤	huân	ai	60
荥	huỳnh	ai	60
荥	vinh	ai	60
荦	lạc	ai	60
荧	huỳnh	ai	60
荨	tầm	ai	60
荩	tẫn	ai	60
荪	tôn	ai	60
荫	ấm	confirmed	90
荫	âm	ai	60
荬	mại	ai	60
荭	hồng	ai	60
荮	trụ	ai	60
药	dược	confirmed	90
荷	hà	ai	60
荷	hạ	ai	60
荸	bí	ai	60
荻	địch	ai	60
荼	đồ	ai	60
荽	tuy	ai	60
莅	lị	ai	60
莆	bồ	ai	60
莉	lị	ai	60
莊	trang	confirmed	90
莎	sa	ai	60
莎	toa	ai	60
莒	cử	ai	60
莓	môi	ai	60
莖	hành	confirmed	90
莖	kinh	ai	60
莘	sân	ai	60
莘	tân	ai	60
莙	quân	ai	60
莛	đình	ai	60
莜	du	ai	60
莝	tỏa	ai	60
莞	hoàn	ai	60
莞	quản	ai	60
莞	uyển	ai	60
莠	hữu	ai	60
莢	giáp	ai	60
莧	hiện	ai	60
莨	lang	ai	60
莨	lương	ai	60
莩	phu	ai	60
莩	phiêu	ai	60
莪	nga	ai	60
莫	mạc	confirmed	90
莰	khảm	ai	60
莱	lai	confirmed	90
莲	liên	ai	60
莳	thì	ai	60
莳	thị	ai	60
莴	oa	ai	60
莶	hiêm	ai	60
获	hoạch	confirmed	90
莸	du	ai	60
莹	oánh	ai	60
莺	oanh	confirmed	90
莼	thuần	ai	60
莽	mãng	ai	60
莿	thứ	ai	60
菀	uyển	ai	60
菀	uất	ai	60
菁	tinh	ai	60
菂	đích	ai	60
菅	gian	ai	60
菇	cô	ai	60
菉	lục	ai	60
菊	cúc	confirmed	90
菌	khuẩn	ai	60
菌	quân	ai	60
菍	niệm	ai	60
菏	hà	ai	60
菔	bặc	ai	60
菔	phục	ai	60
菖	xương	ai	60
菘	tung	ai	60
菜	thái	ai	60
菝	bạt	ai	60
菟	thố	ai	60
菟	đồ	ai	60
菠	ba	ai	60
菡	hạm	ai	60
菥	tích	ai	60
菩	bồ	confirmed	90
菪	đãng	ai	60
華	hoa	confirmed	90
華	hóa	ai	60
菰	cô	ai	60
菱	lăng	confirmed	90
菲	phi	ai	60
菲	phỉ	ai	60
菹	trư	ai	60
菼	thảm	ai	60
菽	thúc	ai	60
萁	kỳ	ai	60
萃	tụy	ai	60
萄	đào	ai	60
萆	tỳ	ai	60
萆	bế	ai	60
萇	trường	ai	60
萊	lai	confirmed	90
萋	thê	ai	60
萌	manh	confirmed	90
萍	bình	ai	60
萎	nuy	ai	60
萎	ủy	ai	60
萏	đạm	ai	60
萑	hoàn	ai	60
萘	nại	ai	60
萚	thác	ai	60
萜	thiếp	ai	60
萝	la	ai	60
萣	định	ai	60
萤	huỳnh	confirmed	90
营	doanh	ai	60
萦	oanh	ai	60
萧	tiêu	ai	60
萨	tát	ai	60
萩	thu	ai	60
萬	vạn	confirmed	90
萱	huyên	ai	60
萳	nạm	ai	60
萵	oa	ai	60
萸	du	ai	60
萹	biển	ai	60
萼	ngạc	ai	60
落	lạc	confirmed	90
落	lào	ai	60
葆	bảo	ai	60
葉	diệp	confirmed	90
葎	luật	ai	60
葑	phong	ai	60
葒	hồng	ai	60
葖	đột	ai	60
著	trước	ai	60
著	trứ	confirmed	90
葙	tương	ai	60
葚	thậm	ai	60
葚	thầm	ai	60
葛	cát	ai	60
葜	khiết	ai	60
葡	bồ	ai	60
董	đổng	confirmed	90
葤	trữu	ai	60
葦	vi	ai	60
葩	ba	confirmed	90
葫	hồ	confirmed	90
葬	táng	confirmed	90
葭	gia	ai	60
葯	ước	ai	60
葰	tuấn	ai	60
葱	thông	ai	60
葳	uy	ai	60
葴	châm	ai	60
葵	quỳ	confirmed	90
葶	đình	ai	60
葷	huân	ai	60
葸	tỉ	ai	60
葺	tập	ai	60
蒂	đế	confirmed	90
蒄	quan	ai	60
蒇	sản	ai	60
蒈	khải	ai	60
蒉	khoái	ai	60
蒋	tưởng	ai	60
蒌	lâu	ai	60
蒍	vĩ	ai	60
蒎	phái	ai	60
蒐	sưu	ai	60
蒓	thuần	ai	60
蒔	thì	ai	60
蒔	thị	ai	60
蒗	lãng	ai	60
蒙	mông	confirmed	90
蒙	mộng	ai	60
蒜	toán	ai	60
蒞	lị	ai	60
蒟	củ	ai	60
蒡	bàng	ai	60
蒨	thiến	ai	60
蒯	khoái	ai	60
蒱	bồ	ai	60
蒲	bồ	confirmed	90
蒴	sóc	ai	60
蒸	chưng	confirmed	90
蒹	kiêm	ai	60
蒺	tật	ai	60
蒻	nhược	ai	60
蒼	thương	ai	60
蒽	ân	ai	60
蒿	hao	ai	60
蓀	tôn	ai	60
蓁	trăn	ai	60
蓂	minh	ai	60
蓄	súc	ai	60
蓇	cốt	ai	60
蓉	dung	ai	60
蓊	ổng	ai	60
蓋	cái	confirmed	90
蓋	cáp	ai	60
蓍	thi	ai	60
蓏	lỏa	ai	60
蓐	nhục	confirmed	90
蓑	thoa	ai	60
蓑	soa	ai	60
蓓	bội	ai	60
蓖	bí	ai	60
蓝	lam	confirmed	90
蓟	kế	ai	60
蓠	ly	ai	60
蓢	lãng	ai	60
蓣	dự	ai	60
蓥	doanh	ai	60
蓦	mạch	ai	60
蓬	bồng	confirmed	90
蓮	liên	ai	60
蓯	thung	ai	60
蓰	sỉ	ai	60
蓴	thuần	ai	60
蓼	liễu	ai	60
蓼	lục	ai	60
蓽	tất	ai	60
蓿	túc	ai	60
蔀	bộ	ai	60
蔃	cường	ai	60
蔄	mạn	ai	60
蔈	phiêu	ai	60
蔊	hãn	ai	60
蔌	tốc	ai	60
蔑	miệt	confirmed	90
蔓	mạn	ai	60
蔓	man	ai	60
蔔	bặc	ai	60
蔗	giá	confirmed	90
蔚	úy	ai	60
蔚	uất	ai	60
蔞	lâu	ai	60
蔟	thốc	ai	60
蔡	thái	ai	60
蔣	tưởng	ai	60
蔥	thông	ai	60
蔦	điểu	ai	60
蔫	yên	ai	60
蔬	sơ	ai	60
蔭	ấm	confirmed	90
蔭	âm	ai	60
蔷	tường	ai	60
蔸	đâu	ai	60
蔹	liễm	ai	60
蔺	lận	ai	60
蔻	khấu	ai	60
蔼	ái	ai	60
蔽	tế	ai	60
蔿	vĩ	ai	60
蕁	tầm	ai	60
蕃	phiên	ai	60
蕃	phồn	ai	60
蕆	sản	ai	60
蕈	khuẩn	ai	60
蕉	tiêu	confirmed	90
蕊	nhị	confirmed	90
蕎	kiều	confirmed	90
蕒	mại	ai	60
蕓	vân	ai	60
蕕	du	ai	60
蕖	cừ	ai	60
蕗	lộ	ai	60
蕘	nhiêu	ai	60
蕙	huệ	confirmed	90
蕞	tối	ai	60
蕢	quỹ	ai	60
蕤	nhuy	ai	60
蕨	quyết	ai	60
蕩	đãng	confirmed	90
蕪	vu	ai	60
蕭	tiêu	ai	60
蕰	uẩn	ai	60
蕲	kỳ	ai	60
蕴	uẩn	ai	60
蕷	dự	ai	60
蕹	ung	ai	60
蕺	tập	ai	60
蕻	hống	ai	60
蕾	lôi	ai	60
薀	uẩn	ai	60
薁	úc	ai	60
薄	bạc	ai	60
薄	bác	ai	60
薄	bó	ai	60
薅	hao	ai	60
薇	vi	ai	60
薈	hội	ai	60
薊	kế	ai	60
薌	hương	ai	60
薏	ý	ai	60
薑	khương	ai	60
薔	tường	ai	60
薘	đạt	ai	60
薛	tiết	ai	60
薜	bệ	ai	60
薟	hiêm	ai	60
薟	liễm	ai	60
薢	giải	ai	60
薤	giới	ai	60
薦	tiến	ai	60
薨	hoăng	ai	60
薩	tát	ai	60
薪	tân	ai	60
薮	tẩu	ai	60
薯	thự	ai	60
薰	huân	ai	60
薳	viễn	ai	60
薴	ninh	ai	60
薷	nhu	ai	60
薸	phiêu	ai	60
薹	đài	ai	60
薺	tề	ai	60
薺	tễ	ai	60
薿	nghĩ	ai	60
藁	cảo	ai	60
藉	tạ	ai	60
藉	tịch	ai	60
藍	lam	confirmed	90
藎	tẫn	ai	60
藏	tàng	ai	60
藏	tạng	ai	60
藐	miểu	ai	60
藓	tiển	ai	60
藕	ngẫu	ai	60
藜	lê	ai	60
藝	nghệ	confirmed	90
藟	lũy	ai	60
藠	khiếu	ai	60
藤	đằng	confirmed	90
藥	dược	confirmed	90
藦	ma	ai	60
藨	biêu	ai	60
藩	phiên	ai	60
藪	tẩu	ai	60
藭	cùng	ai	60
藴	uẩn	ai	60
藶	lịch	confirmed	90
藹	ải	ai	60
藺	lận	ai	60
藻	tảo	ai	60
藿	hoắc	ai	60
蘀	thác	ai	60
蘄	kỳ	ai	60
蘅	hành	ai	60
蘆	lô	ai	60
蘇	tô	ai	60
蘊	uẩn	ai	60
蘋	bình	ai	60
蘋	tần	confirmed	90
蘑	ma	ai	60
蘖	nghiệt	ai	60
蘘	nhương	ai	60
蘚	tiển	ai	60
蘞	liêm	ai	60
蘢	lung	ai	60
蘧	cừ	ai	60
蘩	phiền	ai	60
蘭	lan	ai	60
蘸	trám	ai	60
蘺	ly	ai	60
蘼	mi	ai	60
蘿	la	ai	60
虉	nghịch	ai	60
虎	hổ	confirmed	90
虏	lỗ	ai	60
虐	ngược	confirmed	90
虑	lự	confirmed	90
虒	tư	ai	60
虓	hao	ai	60
虔	kiền	confirmed	90
處	xử	confirmed	90
處	xứ	ai	60
虚	hư	confirmed	90
虛	hư	ai	60
虜	lỗ	ai	60
虞	ngu	ai	60
號	hiệu	confirmed	90
號	hào	ai	60
虢	quắc	ai	60
虤	ngan	ai	60
虧	khuy	ai	60
虫	trùng	confirmed	90
虬	cầu	ai	60
虮	kỷ	ai	60
虯	cầu	ai	60
虱	sắt	ai	60
虷	can	ai	60
虸	tử	ai	60
虹	hồng	ai	60
虺	hủy	ai	60
虺	hối	ai	60
虻	manh	ai	60
虼	cát	ai	60
虽	tuy	confirmed	90
虾	hà	ai	60
虿	sái	ai	60
蚀	thực	ai	60
蚁	nghĩ	ai	60
蚂	mã	ai	60
蚄	phương	ai	60
蚆	ba	ai	60
蚊	văn	ai	60
蚋	nhuế	ai	60
蚌	bạng	ai	60
蚍	tỳ	ai	60
蚓	dẫn	ai	60
蚕	tàm	confirmed	90
蚜	nha	ai	60
蚝	hào	ai	60
蚣	công	ai	60
蚤	tảo	ai	60
蚧	giới	ai	60
蚨	phù	confirmed	90
蚩	si	confirmed	90
蚪	đẩu	ai	60
蚬	hiển	ai	60
蚯	khâu	ai	60
蚰	du	ai	60
蚱	trách	ai	60
蚲	bình	ai	60
蚴	ấu	ai	60
蚶	ham	ai	60
蚺	nhiêm	ai	60
蛀	chú	ai	60
蛃	bính	ai	60
蛄	cô	ai	60
蛆	thư	ai	60
蛇	xà	confirmed	90
蛇	di	ai	60
蛉	linh	ai	60
蛊	cổ	ai	60
蛋	đản	ai	60
蛎	lệ	ai	60
蛏	sanh	ai	60
蛐	khúc	ai	60
蛑	mâu	ai	60
蛔	hồi	ai	60
蛘	dương	ai	60
蛙	oa	ai	60
蛛	chu	ai	60
蛞	khoát	ai	60
蛟	giao	confirmed	90
蛤	cáp	ai	60
蛤	cách	ai	60
蛩	cùng	ai	60
蛭	điệt	ai	60
蛮	man	confirmed	90
蛰	trập	confirmed	90
蛱	giáp	ai	60
蛲	nạo	ai	60
蛳	sư	ai	60
蛴	tề	ai	60
蛸	sao	ai	60
蛸	tiêu	ai	60
蛹	dũng	ai	60
蛺	giáp	ai	60
蛻	thuế	ai	60
蛻	thoái	ai	60
蛾	nga	ai	60
蜀	thục	ai	60
蜂	phong	ai	60
蜃	thận	ai	60
蜆	hiện	ai	60
蜇	triết	ai	60
蜈	ngô	ai	60
蜉	phù	ai	60
蜊	lị	ai	60
蜍	thừ	ai	60
蜎	quyên	ai	60
蜐	kiếp	ai	60
蜒	diên	ai	60
蜓	đình	ai	60
蜕	thuế	ai	60
蜗	oa	ai	60
蜘	tri	ai	60
蜚	phỉ	ai	60
蜚	phi	ai	60
蜜	mật	confirmed	90
蜞	kỳ	ai	60
蜡	lạp	ai	60
蜡	trá	ai	60
蜡	chá	ai	60
蜢	mãnh	ai	60
蜣	khương	ai	60
蜥	tích	ai	60
蜩	điêu	ai	60
蜮	vực	ai	60
蜱	bì	ai	60
蜴	dịch	ai	60
蜷	quyền	ai	60
蜻	thanh	ai	60
蜾	quả	ai	60
蜿	uyển	ai	60
蜿	uyên	ai	60
蝀	đông	ai	60
蝇	dăng	ai	60
蝈	quắc	ai	60
蝉	thiền	ai	60
蝌	khoa	ai	60
蝎	hạt	ai	60
蝓	du	ai	60
蝕	thực	ai	60
蝗	hoàng	ai	60
蝘	yển	ai	60
蝙	biên	ai	60
蝟	vị	ai	60
蝠	bức	ai	60
蝣	du	confirmed	90
蝤	tù	ai	60
蝤	du	ai	60
蝥	mâu	ai	60
蝦	hà	ai	60
蝮	phúc	ai	60
蝰	khôi	ai	60
蝲	lạt	ai	60
蝴	hồ	ai	60
蝶	điệp	confirmed	90
蝸	oa	ai	60
蝻	nam	ai	60
蝼	lâu	ai	60
蝽	xuân	ai	60
蝾	vinh	ai	60
螂	lang	ai	60
螃	bàng	ai	60
螄	sư	ai	60
螅	tức	ai	60
螈	nguyên	ai	60
螋	sưu	ai	60
融	dung	ai	60
螗	đường	ai	60
螞	mã	ai	60
螟	minh	ai	60
螠	ích	ai	60
螢	huỳnh	confirmed	90
螣	đằng	ai	60
螣	đặc	ai	60
螨	mãn	ai	60
螫	thích	ai	60
螫	xích	ai	60
螬	tào	ai	60
螭	ly	ai	60
螮	đế	ai	60
螯	ngao	ai	60
螱	vị	ai	60
螳	đường	ai	60
螵	phiêu	ai	60
螺	loa	ai	60
螻	lâu	ai	60
螽	chung	ai	60
蟀	suất	ai	60
蟄	trập	confirmed	90
蟆	mô	ai	60
蟆	mạc	ai	60
蟈	quắc	ai	60
蟊	mâu	ai	60
蟋	tất	ai	60
蟎	mãn	ai	60
蟏	tiêu	ai	60
蟑	chương	ai	60
蟒	mãng	confirmed	90
蟛	bành	ai	60
蟠	bàn	ai	60
蟣	kỷ	ai	60
蟥	hoàng	ai	60
蟪	huệ	ai	60
蟫	dâm	ai	60
蟫	tầm	ai	60
蟬	thiền	ai	60
蟮	thiện	ai	60
蟯	nhiêu	ai	60
蟲	trùng	confirmed	90
蟶	sanh	ai	60
蟹	giải	ai	60
蟻	nghĩ	ai	60
蟾	thiềm	ai	60
蠃	loã	ai	60
蠅	dăng	ai	60
蠆	sái	ai	60
蠊	liêm	ai	60
蠋	chúc	ai	60
蠐	tề	ai	60
蠑	vinh	ai	60
蠓	mông	confirmed	90
蠕	nhuyễn	ai	60
蠕	nhu	ai	60
蠖	hoạch	ai	60
蠟	lạp	ai	60
蠡	lễ	ai	60
蠡	lãi	confirmed	90
蠢	xuẩn	confirmed	90
蠣	lệ	ai	60
蠨	tiêu	ai	60
蠱	cổ	ai	60
蠲	quyên	ai	60
蠶	tàm	confirmed	90
蠹	đố	ai	60
蠻	man	ai	60
蠼	quặc	ai	60
血	huyết	confirmed	90
衃	phôi	ai	60
衄	nục	ai	60
衅	hấn	ai	60
衆	chúng	ai	60
衊	miệt	ai	60
行	hành	ai	60
行	hàng	confirmed	90
行	hạnh	ai	60
衍	diễn	ai	60
衎	khản	ai	60
衒	huyễn	ai	60
術	thuật	confirmed	90
衔	hàm	ai	60
衕	đồng	ai	60
街	nhai	ai	60
衙	nha	ai	60
衚	hồ	ai	60
衛	vệ	confirmed	90
衝	xung	ai	60
衠	truân	ai	60
衡	hành	ai	60
衢	cù	ai	60
衣	y	confirmed	90
衣	ý	ai	60
补	bổ	confirmed	90
表	biểu	confirmed	90
衩	xái	ai	60
衩	xoa	ai	60
衫	sam	ai	60
衬	sấn	ai	60
衮	cổn	ai	60
衰	suy	confirmed	90
衰	thôi	ai	60
衰	thúy	ai	60
衲	nạp	ai	60
衷	trung	ai	60
衹	chỉ	ai	60
衽	nhẫm	ai	60
衾	khâm	confirmed	90
衿	khâm	ai	60
袁	viên	ai	60
袂	mệ	ai	60
袄	áo	confirmed	90
袅	niểu	ai	60
袆	huy	ai	60
袈	ca	ai	60
袋	đại	ai	60
袍	bào	confirmed	90
袒	đản	ai	60
袖	tụ	confirmed	90
袗	chẩn	ai	60
袜	mạt	ai	60
袞	cổn	ai	60
袢	phán	ai	60
袤	mậu	ai	60
袪	khư	ai	60
被	bị	confirmed	90
被	bí	ai	60
袭	tập	confirmed	90
袯	bát	ai	60
袱	phục	ai	60
袷	giáp	ai	60
袷	kiếp	ai	60
袼	các	ai	60
裁	tài	ai	60
裂	liệt	ai	60
装	trang	confirmed	90
裆	đang	ai	60
裈	côn	ai	60
裉	khấn	ai	60
裊	niểu	ai	60
裎	trình	ai	60
裏	lý	ai	60
裒	bầu	ai	60
裔	duệ	ai	60
裕	dụ	ai	60
裘	cầu	ai	60
裙	quần	confirmed	90
裛	ấp	ai	60
補	bổ	confirmed	90
裝	trang	confirmed	90
裟	sa	ai	60
裡	lý	ai	60
裢	liên	ai	60
裣	liêm	ai	60
裤	khố	confirmed	90
裥	giản	ai	60
裨	bì	ai	60
裨	tì	ai	60
裰	xuyết	ai	60
裱	biểu	ai	60
裳	thường	ai	60
裳	thượng	ai	60
裴	bùi	confirmed	90
裸	lõa	ai	60
裹	khỏa	ai	60
裼	thích	ai	60
裼	tích	ai	60
製	chế	confirmed	90
裾	cư	ai	60
褂	quái	ai	60
複	phức	ai	60
褊	biển	ai	60
褌	côn	ai	60
褐	hạt	ai	60
褒	bao	ai	60
褓	bảo	ai	60
褕	du	ai	60
褘	huy	ai	60
褙	bối	ai	60
褚	trử	ai	60
褚	chử	ai	60
褛	lũ	ai	60
褟	tháp	ai	60
褡	đáp	ai	60
褥	nhục	ai	60
褪	thốn	ai	60
褪	thoái	ai	60
褫	sỉ	ai	60
褯	tạ	ai	60
褰	khiên	ai	60
褲	khố	confirmed	90
褳	liên	ai	60
褴	lam	ai	60
褶	điệp	ai	60
褶	tập	ai	60
褸	lũ	ai	60
褻	tiết	ai	60
襀	tích	ai	60
襁	cưỡng	ai	60
襄	tương	ai	60
襇	giản	ai	60
襏	bát	ai	60
襕	lan	ai	60
襖	áo	ai	60
襚	toại	ai	60
襜	xiêm	ai	60
襝	liễm	ai	60
襞	bích	ai	60
襟	khâm	ai	60
襠	đang	ai	60
襤	lam	ai	60
襦	nhu	ai	60
襪	miệt	ai	60
襪	mạt	ai	60
襫	thích	ai	60
襬	bãi	ai	60
襯	sấn	ai	60
襲	tập	confirmed	90
襴	lan	ai	60
襻	phán	ai	60
西	tây	confirmed	90
要	yếu	confirmed	90
要	yêu	ai	60
覃	đàm	ai	60
覃	tầm	ai	60
覆	phúc	ai	60
見	kiến	confirmed	90
見	hiện	ai	60
覎	yểm	ai	60
規	quy	confirmed	90
覓	mịch	ai	60
視	thị	confirmed	90
覘	siêm	ai	60
覡	hích	ai	60
覦	du	ai	60
親	thân	confirmed	90
覬	kí	ai	60
覯	cấu	ai	60
覲	cận	ai	60
覷	thứ	ai	60
覺	giác	confirmed	90
覺	giáo	ai	60
覽	lãm	confirmed	90
覿	địch	ai	60
觀	quan	confirmed	90
觀	quán	ai	60
见	kiến	confirmed	90
见	hiện	ai	60
观	quan	confirmed	90
观	quán	ai	60
觃	yến	ai	60
规	quy	confirmed	90
觅	mịch	ai	60
视	thị	confirmed	90
觇	siêm	ai	60
览	lãm	confirmed	90
觉	giác	confirmed	90
觉	giáo	ai	60
觊	kí	ai	60
觋	hích	ai	60
觌	địch	ai	60
觎	du	ai	60
觏	cấu	ai	60
觐	cận	ai	60
觑	thứ	ai	60
角	giác	ai	60
角	lộc	ai	60
觖	khuyết	ai	60
觚	cô	ai	60
觜	tuy	ai	60
觜	chủy	ai	60
觞	thương	ai	60
觟	hạ	ai	60
解	giải	confirmed	90
解	giới	ai	60
解	hạ	ai	60
觥	quang	ai	60
触	xúc	confirmed	90
觫	tốc	ai	60
觭	ki	ai	60
觯	chí	ai	60
觱	tất	ai	60
觳	hạc	ai	60
觴	thương	ai	60
觶	chí	ai	60
觸	xúc	confirmed	90
觿	huề	ai	60
言	ngôn	confirmed	90
訂	đính	confirmed	90
訃	phó	confirmed	90
訄	cừu	ai	60
訇	hoanh	ai	60
計	kế	ai	60
訊	tấn	ai	60
訌	hống	ai	60
討	thảo	confirmed	90
訏	hu	ai	60
訐	kiết	ai	60
訒	nhận	ai	60
訓	huấn	confirmed	90
訕	san	ai	60
訖	ngật	ai	60
記	ký	confirmed	90
訚	ngân	ai	60
訛	ngoa	confirmed	90
訝	nhạ	ai	60
訟	tụng	confirmed	90
訢	hân	ai	60
訣	quyết	ai	60
訥	nột	ai	60
訩	hung	ai	60
訪	phỏng	confirmed	90
設	thiết	ai	60
許	hứa	confirmed	90
許	hử	ai	60
訴	tố	confirmed	90
訶	ha	ai	60
診	chẩn	confirmed	90
註	chú	confirmed	90
訾	tí	ai	60
訾	tư	ai	60
詁	cổ	ai	60
詆	để	ai	60
詈	lị	ai	60
詎	cự	ai	60
詐	trá	confirmed	90
詒	di	ai	60
詔	chiếu	confirmed	90
評	bình	confirmed	90
詖	bí	ai	60
詗	huýnh	ai	60
詘	khuất	ai	60
詛	trớ	confirmed	90
詝	chử	ai	60
詞	từ	confirmed	90
詟	triệp	ai	60
詠	vịnh	confirmed	90
詡	hủ	ai	60
詢	tuân	ai	60
詣	nghệ	ai	60
試	thí	confirmed	90
詩	thi	confirmed	90
詪	hận	ai	60
詫	sá	ai	60
詬	cấu	ai	60
詭	quỷ	ai	60
詮	thuyên	ai	60
詰	cật	confirmed	90
詰	kiết	ai	60
話	thoại	confirmed	90
該	cai	ai	60
詳	tường	confirmed	90
詵	sân	ai	60
詷	đồng	ai	60
詹	chiêm	ai	60
詼	khôi	ai	60
詿	quái	ai	60
誄	lỗi	ai	60
誅	tru	confirmed	90
誆	cuống	ai	60
誇	khoa	confirmed	90
誉	dự	confirmed	90
誊	đằng	ai	60
誌	chí	confirmed	90
認	nhận	confirmed	90
誑	cuống	ai	60
誓	thệ	ai	60
誕	đản	ai	60
誘	dụ	confirmed	90
誚	tiếu	ai	60
語	ngữ	confirmed	90
語	ngứ	ai	60
誠	thành	confirmed	90
誡	giới	ai	60
誣	vu	confirmed	90
誤	ngộ	ai	60
誥	cáo	ai	60
誦	tụng	confirmed	90
誨	hối	confirmed	90
說	thuyết	ai	60
說	thuế	ai	60
說	duyệt	ai	60
説	thuyết	confirmed	90
説	thuế	ai	60
説	duyệt	ai	60
誰	thùy	ai	60
課	khóa	confirmed	90
誶	tối	ai	60
誹	phỉ	ai	60
誼	nghị	ai	60
誾	ngân	ai	60
調	điều	confirmed	90
調	điệu	ai	60
諂	siểm	confirmed	90
諄	truân	ai	60
談	đàm	confirmed	90
諉	ủy	ai	60
請	thỉnh	confirmed	90
諍	tránh	ai	60
諏	tưu	ai	60
諑	trác	ai	60
諒	lượng	confirmed	90
諓	tiễn	ai	60
論	luận	confirmed	90
論	luân	ai	60
諗	thẩm	ai	60
諛	du	ai	60
諜	điệp	confirmed	90
諝	tư	ai	60
諞	biển	ai	60
諟	thị	ai	60
諢	hỗn	ai	60
諤	ngạc	ai	60
諦	đế	ai	60
諧	hài	confirmed	90
諫	gián	confirmed	90
諭	dụ	confirmed	90
諱	húy	confirmed	90
諲	nhân	ai	60
諳	am	confirmed	90
諴	hàm	ai	60
諶	thầm	confirmed	90
諷	phúng	confirmed	90
諸	chư	confirmed	90
諺	ngạn	confirmed	90
諼	huyên	ai	60
諾	nặc	confirmed	90
謀	mưu	confirmed	90
謁	yết	confirmed	90
謂	vị	ai	60
謄	đằng	ai	60
謅	sưu	ai	60
謇	kiển	ai	60
謊	hoảng	ai	60
謎	mê	confirmed	90
謏	tiểu	ai	60
謐	mật	ai	60
謔	hước	confirmed	90
謖	tắc	ai	60
謗	báng	confirmed	90
謙	khiêm	confirmed	90
謚	thụy	ai	60
講	giảng	confirmed	90
謝	tạ	confirmed	90
謠	dao	confirmed	90
謡	dao	ai	60
謨	mô	confirmed	90
謫	trích	confirmed	90
謬	mậu	ai	60
謭	tiển	ai	60
謳	âu	ai	60
謹	cẩn	confirmed	90
謾	mạn	ai	60
證	chứng	confirmed	90
譎	quyệt	confirmed	90
譏	ky	ai	60
譓	huệ	ai	60
譖	trấm	ai	60
識	thức	ai	60
識	chí	ai	60
譙	tiều	ai	60
譚	đàm	ai	60
譜	phổ	ai	60
譞	huyên	ai	60
警	cảnh	ai	60
譫	chiêm	ai	60
譬	thí	confirmed	90
譯	dịch	confirmed	90
議	nghị	confirmed	90
譴	khiển	confirmed	90
護	hộ	confirmed	90
譽	dự	confirmed	90
譾	tiển	ai	60
讀	độc	confirmed	90
讀	đậu	ai	60
變	biến	confirmed	90
讋	triệp	ai	60
讎	thù	confirmed	90
讒	sàm	confirmed	90
讓	nhượng	ai	60
讕	lan	ai	60
讖	sấm	ai	60
讜	đảng	ai	60
讞	nghiện	ai	60
计	kế	ai	60
订	đính	confirmed	90
讣	phó	confirmed	90
认	nhận	confirmed	90
讥	ki	ai	60
讦	kiết	ai	60
讧	hống	ai	60
讨	thảo	confirmed	90
让	nhượng	ai	60
讪	sán	ai	60
讫	cật	ai	60
训	huấn	confirmed	90
议	nghị	confirmed	90
讯	tấn	ai	60
记	kí	confirmed	90
讱	nhận	ai	60
讲	giảng	confirmed	90
讳	húy	confirmed	90
讴	âu	ai	60
讵	cự	ai	60
讶	nhạ	ai	60
讷	nột	ai	60
许	hứa	confirmed	90
许	hử	ai	60
讹	ngoa	confirmed	90
论	luận	confirmed	90
论	lôn	ai	60
讻	hung	ai	60
讼	tụng	confirmed	90
讽	phúng	confirmed	90
设	thiết	ai	60
访	phỏng	confirmed	90
诀	quyết	ai	60
证	chứng	confirmed	90
诂	cổ	ai	60
诃	ha	ai	60
评	bình	confirmed	90
诅	trớ	confirmed	90
识	thức	ai	60
识	chí	ai	60
诇	huýnh	ai	60
诈	trá	confirmed	90
诉	tố	confirmed	90
诊	chẩn	confirmed	90
诋	để	ai	60
诌	sưu	ai	60
词	từ	confirmed	90
诎	khuất	ai	60
诏	chiếu	confirmed	90
诐	bí	ai	60
译	dịch	confirmed	90
诒	di	ai	60
诓	khuông	ai	60
诔	lỗi	ai	60
试	thí	confirmed	90
诖	quái	ai	60
诗	thi	confirmed	90
诘	cật	confirmed	90
诘	kiết	ai	60
诙	khôi	ai	60
诚	thành	confirmed	90
诛	tru	confirmed	90
诜	sân	ai	60
话	thoại	confirmed	90
诞	đản	ai	60
诟	cấu	ai	60
诠	thuyên	ai	60
诡	quỷ	ai	60
询	tuân	ai	60
诣	nghệ	ai	60
诤	tránh	ai	60
该	cai	ai	60
详	tường	confirmed	90
诧	sá	ai	60
诨	hồn	ai	60
诩	hủ	ai	60
诫	giới	ai	60
诬	vu	confirmed	90
语	ngữ	confirmed	90
语	ngứ	ai	60
诮	tiếu	ai	60
误	ngộ	ai	60
诰	cáo	ai	60
诱	dụ	confirmed	90
诲	hối	confirmed	90
诳	cuống	ai	60
说	thuyết	confirmed	90
说	duyệt	ai	60
说	thuế	ai	60
诵	tụng	confirmed	90
请	thỉnh	confirmed	90
诸	chư	confirmed	90
诹	tưu	ai	60
诺	nặc	confirmed	90
读	độc	confirmed	90
读	đậu	ai	60
诼	trác	ai	60
诽	phỉ	ai	60
课	khóa	confirmed	90
诿	ủy	ai	60
谀	du	ai	60
谁	thùy	ai	60
谂	thẩm	ai	60
调	điệu	ai	60
调	điều	confirmed	90
谄	siểm	confirmed	90
谅	lượng	confirmed	90
谆	truân	ai	60
谇	tối	ai	60
谈	đàm	confirmed	90
谊	nghị	ai	60
谋	mưu	confirmed	90
谌	thầm	confirmed	90
谍	điệp	confirmed	90
谎	hoảng	ai	60
谏	gián	confirmed	90
谐	hài	confirmed	90
谑	hước	confirmed	90
谒	yết	confirmed	90
谓	vị	ai	60
谔	ngạc	ai	60
谕	dụ	confirmed	90
谖	huyên	ai	60
谗	sàm	confirmed	90
谙	am	confirmed	90
谚	ngạn	confirmed	90
谛	đế	ai	60
谜	mê	confirmed	90
谝	phiến	ai	60
谞	tư	ai	60
谟	mô	confirmed	90
谠	đảng	ai	60
谡	tắc	ai	60
谢	tạ	confirmed	90
谣	dao	confirmed	90
谤	báng	confirmed	90
谥	thụy	ai	60
谦	khiêm	confirmed	90
谧	mật	ai	60
谨	cẩn	confirmed	90
谩	mạn	ai	60
谪	trích	confirmed	90
谫	tiễn	ai	60
谬	mậu	ai	60
谭	đàm	ai	60
谮	trấm	ai	60
谯	tiều	ai	60
谰	lan	ai	60
谱	phổ	ai	60
谲	quyệt	confirmed	90
谳	nghị	ai	60
谴	khiển	confirmed	90
谵	chiêm	ai	60
谶	sấm	ai	60
谷	cốc	confirmed	90
谷	dục	ai	60
谼	hồng	ai	60
谿	khê	confirmed	90
豁	khoát	ai	60
豁	hoát	ai	60
豆	đậu	confirmed	90
豇	giang	ai	60
豈	khởi	ai	60
豉	xị	confirmed	90
豌	oản	ai	60
豎	thụ	ai	60
豐	phong	confirmed	90
豕	thỉ	confirmed	90
豚	đồn	ai	60
象	tượng	confirmed	90
豢	hoạn	ai	60
豨	hi	ai	60
豪	hào	confirmed	90
豫	dự	ai	60
豬	trư	confirmed	90
豮	phần	ai	60
豳	bân	ai	60
豶	phần	ai	60
豸	trãi	ai	60
豸	trĩ	ai	60
豹	báo	ai	60
豺	sài	confirmed	90
貂	điêu	ai	60
貅	hưu	ai	60
貆	hoàn	ai	60
貉	hạc	ai	60
貉	mạch	ai	60
貊	mạch	ai	60
貌	mạo	ai	60
貓	miêu	ai	60
貔	tỳ	ai	60
貘	mạch	ai	60
貙	sư	ai	60
貝	bối	ai	60
貞	trinh	confirmed	90
負	phụ	confirmed	90
財	tài	confirmed	90
貢	cống	confirmed	90
貧	bần	confirmed	90
貨	hóa	confirmed	90
販	phiến	ai	60
貪	tham	confirmed	90
貫	quán	ai	60
責	trách	confirmed	90
責	trái	ai	60
貯	trữ	confirmed	90
貰	thế	ai	60
貲	tư	ai	60
貳	nhị	confirmed	90
貴	quý	confirmed	90
貶	biếm	confirmed	90
買	mãi	confirmed	90
貸	thải	ai	60
貸	đại	ai	60
貺	huống	ai	60
費	phí	confirmed	90
費	bí	ai	60
貼	thiếp	ai	60
貽	di	ai	60
貿	mậu	ai	60
賀	hạ	confirmed	90
賁	bí	ai	60
賁	bôn	ai	60
賁	phần	ai	60
賂	lộ	confirmed	90
賃	nhẫm	ai	60
賃	lận	ai	60
賄	hối	ai	60
賅	cai	ai	60
資	tư	ai	60
賈	cổ	ai	60
賈	giả	ai	60
賊	tặc	confirmed	90
賑	chẩn	ai	60
賒	xa	ai	60
賓	tân	confirmed	90
賕	cầu	ai	60
賙	chu	ai	60
賚	lãi	ai	60
賜	tứ	ai	60
賞	thưởng	confirmed	90
賠	bồi	ai	60
賡	canh	ai	60
賢	hiền	confirmed	90
賣	mại	confirmed	90
賤	tiện	confirmed	90
賦	phú	confirmed	90
賧	đạm	ai	60
質	chất	confirmed	90
質	chí	ai	60
賫	tê	ai	60
賬	trướng	ai	60
賭	đổ	confirmed	90
賴	lại	ai	60
賵	phúng	confirmed	90
賺	trám	ai	60
賺	trán	ai	60
賻	phụ	ai	60
購	cấu	ai	60
賽	tái	ai	60
賾	trách	ai	60
贄	chí	ai	60
贅	chuế	ai	60
贇	uân	ai	60
贈	tặng	confirmed	90
贊	tán	ai	60
贋	nhạn	ai	60
贍	thiệm	confirmed	90
贏	doanh	ai	60
贐	tẫn	ai	60
贓	tang	confirmed	90
贔	bị	ai	60
贖	thục	ai	60
贗	nhạn	ai	60
贛	cám	ai	60
贜	tang	ai	60
贝	bối	ai	60
贞	trinh	confirmed	90
负	phụ	confirmed	90
贡	cống	confirmed	90
财	tài	confirmed	90
责	trách	confirmed	90
责	trái	ai	60
贤	hiền	confirmed	90
败	bại	confirmed	90
账	trướng	ai	60
货	hóa	confirmed	90
质	chất	confirmed	90
质	chí	ai	60
贩	phán	ai	60
贪	tham	confirmed	90
贫	bần	confirmed	90
贬	biếm	confirmed	90
购	cấu	ai	60
贮	trữ	confirmed	90
贯	quán	ai	60
贰	nhị	confirmed	90
贱	tiện	confirmed	90
贲	bí	ai	60
贲	bôn	ai	60
贳	thế	ai	60
贴	thiếp	ai	60
贵	quý	confirmed	90
贶	huống	ai	60
贷	thải	ai	60
贸	mậu	ai	60
费	phí	confirmed	90
费	bí	ai	60
贺	hạ	confirmed	90
贻	di	ai	60
贼	tặc	confirmed	90
贽	chí	ai	60
贾	cổ	ai	60
贾	giả	ai	60
贿	hối	ai	60
赀	tư	ai	60
赁	nhẫm	ai	60
赂	lộ	confirmed	90
赃	tang	confirmed	90
资	tư	ai	60
赅	cai	ai	60
赆	tẫn	ai	60
赇	cầu	ai	60
赈	chẩn	ai	60
赉	lãi	ai	60
赊	xa	ai	60
赋	phú	confirmed	90
赌	đổ	confirmed	90
赍	tê	ai	60
赎	thục	ai	60
赏	thưởng	confirmed	90
赐	tứ	ai	60
赑	bí	ai	60
赒	chu	ai	60
赓	canh	ai	60
赔	bồi	ai	60
赕	đạm	ai	60
赖	lại	ai	60
赗	phúng	confirmed	90
赘	chuế	ai	60
赙	phụ	ai	60
赚	trám	ai	60
赚	trán	ai	60
赛	tái	ai	60
赜	trách	ai	60
赝	nhạn	ai	60
赞	tán	ai	60
赟	uân	ai	60
赠	tặng	confirmed	90
赡	thiệm	confirmed	90
赢	doanh	ai	60
赣	cám	ai	60
赤	xích	confirmed	90
赦	xá	confirmed	90
赧	noản	ai	60
赪	xanh	ai	60
赫	hách	confirmed	90
赬	xanh	ai	60
赭	giả	ai	60
走	tẩu	confirmed	90
赳	củ	ai	60
赴	phó	confirmed	90
赵	triệu	ai	60
赶	cản	ai	60
起	khởi	confirmed	90
趁	sấn	confirmed	90
趄	thư	ai	60
趄	tự	ai	60
超	siêu	confirmed	90
越	việt	confirmed	90
趋	xu	confirmed	90
趑	tư	ai	60
趔	liệt	ai	60
趕	cản	ai	60
趙	triệu	ai	60
趟	tàng	ai	60
趟	thang	ai	60
趣	thú	confirmed	90
趨	xu	confirmed	90
趯	dược	ai	60
趱	toản	ai	60
趲	toản	ai	60
足	túc	confirmed	90
趴	bát	ai	60
趵	báo	ai	60
趵	bác	ai	60
趸	độn	ai	60
趺	phu	ai	60
趼	kiển	ai	60
趾	chỉ	ai	60
趿	táp	ai	60
跂	kỳ	ai	60
跂	khí	ai	60
跃	dược	confirmed	90
跄	thương	ai	60
跆	đài	ai	60
跋	bạt	ai	60
跌	điệt	ai	60
跎	đà	ai	60
跏	già	ai	60
跐	thử	ai	60
跑	bào	ai	60
跖	chích	ai	60
跗	phụ	ai	60
跚	san	ai	60
跛	bả	ai	60
距	cự	ai	60
跞	lịch	ai	60
跟	cân	ai	60
跡	tích	confirmed	90
跣	tiển	ai	60
跤	giao	ai	60
跨	khóa	ai	60
跪	quỵ	ai	60
跬	khuể	ai	60
路	lộ	confirmed	90
跱	trĩ	ai	60
跳	khiêu	ai	60
跳	đào	ai	60
践	tiễn	ai	60
跶	đạt	ai	60
跷	khiêu	ai	60
跸	tất	ai	60
跹	tiên	ai	60
跺	đóa	ai	60
跻	tê	ai	60
跽	kỵ	ai	60
踅	triệt	ai	60
踉	lang	ai	60
踉	lương	ai	60
踊	dũng	ai	60
踌	trù	confirmed	90
踏	đạp	confirmed	90
踐	tiễn	ai	60
踒	oa	ai	60
踔	trác	ai	60
踝	khỏa	ai	60
踞	cứ	ai	60
踟	trì	ai	60
踢	thích	ai	60
踣	bác	ai	60
踦	kỳ	ai	60
踩	thải	ai	60
踪	tung	ai	60
踬	chí	ai	60
踮	điếm	ai	60
踯	trịch	ai	60
踱	đạc	ai	60
踴	dũng	ai	60
踵	chủng	ai	60
踶	đệ	ai	60
踹	suyễn	ai	60
踺	kiện	ai	60
踽	củ	ai	60
蹀	điệp	ai	60
蹁	biên	ai	60
蹂	nhựu	ai	60
蹄	đề	ai	60
蹅	tra	ai	60
蹇	kiển	ai	60
蹈	đạo	ai	60
蹉	tha	confirmed	90
蹊	hề	ai	60
蹋	đạp	ai	60
蹌	thương	ai	60
蹐	tích	ai	60
蹑	niếp	ai	60
蹒	bàn	ai	60
蹕	tất	ai	60
蹙	túc	ai	60
蹚	thang	ai	60
蹜	súc	ai	60
蹢	trích	ai	60
蹣	bàn	ai	60
蹣	man	ai	60
蹤	tung	ai	60
蹦	bính	ai	60
蹩	biệt	ai	60
蹬	đăng	ai	60
蹭	thặng	ai	60
蹯	phiền	ai	60
蹰	trù	ai	60
蹲	tồn	ai	60
蹴	xúc	ai	60
蹶	quyết	ai	60
蹺	khiêu	ai	60
蹼	phốc	ai	60
蹽	liêu	ai	60
蹾	đôn	ai	60
蹿	thoán	ai	60
躁	táo	ai	60
躂	thát	ai	60
躅	trục	confirmed	90
躇	trù	ai	60
躉	độn	ai	60
躊	trù	confirmed	90
躋	tê	ai	60
躍	dược	confirmed	90
躏	lận	ai	60
躐	liệp	ai	60
躑	trịch	ai	60
躒	lịch	ai	60
躓	chí	ai	60
躔	triền	ai	60
躕	trù	ai	60
躚	tiên	ai	60
躜	toản	ai	60
躞	tiệp	ai	60
躡	niếp	ai	60
躥	thoán	ai	60
躦	toản	ai	60
躪	lận	ai	60
身	thân	confirmed	90
躬	cung	confirmed	90
躯	khu	ai	60
躲	đóa	ai	60
躺	thảng	ai	60
軀	khu	ai	60
車	xa	confirmed	90
車	cư	ai	60
軋	yết	ai	60
軋	ca	ai	60
軌	quỹ	ai	60
軍	quân	confirmed	90
軏	nguyệt	ai	60
軑	đại	ai	60
軒	hiên	confirmed	90
軔	nhận	ai	60
軛	ách	ai	60
軝	kỳ	ai	60
軟	nhuyễn	confirmed	90
軤	hô	ai	60
軫	chẩn	ai	60
軲	cô	ai	60
軸	trục	confirmed	90
軹	chỉ	ai	60
軺	diêu	ai	60
軻	kha	ai	60
軼	dật	ai	60
軾	thức	ai	60
較	giác	ai	60
較	giảo	ai	60
輄	quang	ai	60
輅	lộ	ai	60
輇	thuyên	ai	60
輈	chu	ai	60
載	tải	confirmed	90
載	tái	ai	60
輊	chí	ai	60
輋	xa	ai	60
輒	triếp	ai	60
輓	vãn	ai	60
輔	phụ	ai	60
輕	khinh	confirmed	90
輗	nghê	ai	60
輛	lượng	ai	60
輜	tri	ai	60
輝	huy	confirmed	90
輞	võng	confirmed	90
輟	xuyết	ai	60
輥	cổn	ai	60
輦	liễn	ai	60
輩	bối	confirmed	90
輪	luân	confirmed	90
輬	lương	ai	60
輮	nhu	ai	60
輯	tập	ai	60
輳	thấu	ai	60
輶	du	ai	60
輸	thâu	confirmed	90
輻	bức	ai	60
輼	ôn	ai	60
輾	triển	ai	60
輿	dư	ai	60
轀	ôn	ai	60
轂	cốc	ai	60
轄	hạt	confirmed	90
轅	viên	ai	60
轆	lộc	ai	60
轉	chuyển	confirmed	90
轍	triệt	ai	60
轎	kiệu	confirmed	90
轔	lân	ai	60
轟	oanh	ai	60
轡	bí	ai	60
轢	lịch	ai	60
轤	lô	ai	60
车	xa	confirmed	90
车	cư	ai	60
轧	yết	ai	60
轧	loát	ai	60
轨	quỹ	ai	60
轩	hiên	confirmed	90
轪	đại	ai	60
轫	nhận	ai	60
转	chuyển	confirmed	90
轭	ách	ai	60
轮	luân	confirmed	90
软	nhuyễn	confirmed	90
轰	oanh	ai	60
轱	cô	ai	60
轲	kha	ai	60
轳	lô	ai	60
轴	trục	confirmed	90
轵	chỉ	ai	60
轶	dật	ai	60
轷	hô	ai	60
轸	chẩn	ai	60
轹	lịch	ai	60
轺	dao	ai	60
轻	khinh	confirmed	90
轼	thức	ai	60
载	tải	confirmed	90
载	tái	ai	60
轾	chí	ai	60
轿	kiệu	confirmed	90
辀	chu	ai	60
辁	thuyên	ai	60
辂	lộ	ai	60
较	giác	ai	60
较	giảo	ai	60
辄	triếp	ai	60
辅	phụ	ai	60
辆	lượng	ai	60
辇	liễn	ai	60
辈	bối	confirmed	90
辉	huy	confirmed	90
辊	cổn	ai	60
辋	võng	confirmed	90
辌	lương	ai	60
辍	xuyết	ai	60
辎	truy	ai	60
辏	thấu	ai	60
辐	phúc	ai	60
辑	tập	ai	60
辒	uân	ai	60
输	thâu	confirmed	90
辔	bí	ai	60
辕	viên	ai	60
辖	hạt	confirmed	90
辗	triển	ai	60
辘	lộc	ai	60
辙	triệt	ai	60
辚	lân	ai	60
辛	tân	confirmed	90
辜	cô	ai	60
辞	từ	confirmed	90
辟	tịch	ai	60
辟	tích	ai	60
辟	bích	ai	60
辣	lạt	ai	60
辦	biện	ai	60
辨	biện	confirmed	90
辩	biện	ai	60
辫	biện	ai	60
辭	từ	ai	60
辮	biện	ai	60
辯	biện	ai	60
辰	thần	ai	60
辱	nhục	ai	60
農	nông	confirmed	90
边	biên	confirmed	90
辽	liêu	ai	60
达	đạt	confirmed	90
辿	triển	ai	60
迁	thiên	confirmed	90
迂	vu	confirmed	90
迄	hất	confirmed	90
迅	tấn	ai	60
过	quá	confirmed	90
迈	mại	confirmed	90
迎	nghênh	confirmed	90
运	vận	confirmed	90
近	cận	confirmed	90
迓	nhạ	ai	60
返	phản	confirmed	90
迕	ngỗ	ai	60
还	hoàn	confirmed	90
还	hài	ai	60
这	giá	ai	60
进	tiến	confirmed	90
远	viễn	confirmed	90
违	vi	confirmed	90
连	liên	confirmed	90
迟	trì	confirmed	90
迢	điều	ai	60
迤	dĩ	ai	60
迥	quýnh	ai	60
迦	già	ai	60
迨	đãi	ai	60
迩	nhĩ	ai	60
迪	địch	ai	60
迫	bách	confirmed	90
迭	điệt	ai	60
迮	trách	ai	60
述	thuật	confirmed	90
迳	kính	ai	60
迴	hồi	confirmed	90
迷	mê	confirmed	90
迸	bính	ai	60
迹	tích	confirmed	90
迺	nãi	ai	60
追	truy	confirmed	90
退	thoái	confirmed	90
送	tống	confirmed	90
适	thích	confirmed	90
逃	đào	confirmed	90
逄	bàng	ai	60
逅	hậu	ai	60
逆	nghịch	confirmed	90
选	tuyển	confirmed	90
逊	tốn	ai	60
逋	bô	confirmed	90
逍	tiêu	ai	60
透	thấu	confirmed	90
逐	trục	confirmed	90
逑	cầu	ai	60
递	đệ	confirmed	90
途	đồ	confirmed	90
逕	kính	ai	60
逖	địch	ai	60
逗	đậu	ai	60
這	giá	ai	60
通	thông	confirmed	90
逛	cuống	ai	60
逝	thệ	ai	60
逞	sính	confirmed	90
速	tốc	confirmed	90
造	tạo	confirmed	90
逡	thoái	ai	60
逢	phùng	confirmed	90
連	liên	confirmed	90
逦	lý	ai	60
逭	hoán	ai	60
逮	đãi	ai	60
逮	đệ	ai	60
逯	lục	ai	60
進	tiến	confirmed	90
逴	xước	ai	60
逵	quỳ	ai	60
逶	uy	ai	60
逸	dật	confirmed	90
逻	la	ai	60
逼	bức	confirmed	90
逾	du	confirmed	90
遁	độn	ai	60
遂	toại	confirmed	90
遄	thuyên	ai	60
遆	đệ	ai	60
遇	ngộ	confirmed	90
運	vận	confirmed	90
遍	biến	ai	60
過	quá	confirmed	90
遏	át	confirmed	90
遐	hà	ai	60
遑	hoàng	ai	60
遒	tù	ai	60
道	đạo	confirmed	90
達	đạt	confirmed	90
違	vi	confirmed	90
遗	di	confirmed	90
遘	cấu	ai	60
遙	dao	ai	60
遛	lưu	ai	60
遜	tốn	ai	60
遞	đệ	confirmed	90
遠	viễn	confirmed	90
遢	tháp	ai	60
遣	khiển	ai	60
遥	dao	ai	60
遨	ngao	confirmed	90
適	thích	confirmed	90
遭	tao	confirmed	90
遮	già	ai	60
遲	trì	confirmed	90
遴	lận	confirmed	90
遵	tuân	confirmed	90
遷	thiên	confirmed	90
選	tuyển	confirmed	90
遹	duật	ai	60
遺	di	confirmed	90
遼	liêu	ai	60
遽	cự	ai	60
避	tị	confirmed	90
邀	yêu	ai	60
邁	mại	confirmed	90
邂	giải	ai	60
邃	thúy	ai	60
還	hoàn	confirmed	90
還	toàn	ai	60
邇	nhĩ	ai	60
邈	mạc	ai	60
邊	biên	confirmed	90
邋	lạp	ai	60
邏	la	ai	60
邐	lý	ai	60
邑	ấp	confirmed	90
邓	đặng	confirmed	90
邕	ung	ai	60
邗	hàn	ai	60
邘	vu	ai	60
邙	mang	ai	60
邛	cung	ai	60
邝	quảng	ai	60
邠	bân	ai	60
邡	phương	ai	60
邢	hình	ai	60
那	na	confirmed	90
那	nả	ai	60
邦	bang	ai	60
邨	thôn	ai	60
邪	tà	confirmed	90
邬	ô	ai	60
邮	bưu	ai	60
邯	hàm	ai	60
邰	thai	ai	60
邱	khâu	ai	60
邲	bật	ai	60
邳	phi	ai	60
邴	bính	ai	60
邵	thiệu	ai	60
邶	bối	ai	60
邸	để	ai	60
邹	trâu	ai	60
邺	nghiệp	ai	60
邻	lân	confirmed	90
邽	khuê	ai	60
邾	chu	ai	60
邿	thi	ai	60
郁	uất	ai	60
郁	úc	ai	60
郃	hợp	ai	60
郄	khích	ai	60
郅	chất	ai	60
郇	tuần	ai	60
郇	hoàn	ai	60
郈	hậu	ai	60
郊	giao	ai	60
郎	lang	confirmed	90
郏	giáp	ai	60
郐	cối	ai	60
郑	trịnh	confirmed	90
郓	vận	ai	60
郗	hy	ai	60
郗	si	ai	60
郚	ngô	ai	60
郛	phu	ai	60
郜	cáo	ai	60
郝	hác	ai	60
郟	giáp	ai	60
郡	quận	confirmed	90
郢	dĩnh	ai	60
郤	khích	ai	60
郦	lệ	ai	60
郧	vân	ai	60
部	bộ	confirmed	90
郪	thê	ai	60
郫	bì	ai	60
郭	quách	confirmed	90
郯	đàm	ai	60
郴	sâm	ai	60
郵	bưu	ai	60
郸	đan	ai	60
都	đô	confirmed	90
郾	yển	ai	60
郿	mi	ai	60
鄀	nhược	ai	60
鄂	ngạc	ai	60
鄃	du	ai	60
鄄	quyên	ai	60
鄅	vũ	ai	60
鄆	vận	ai	60
鄉	hương	ai	60
鄌	đường	ai	60
鄑	tư	ai	60
鄒	trâu	ai	60
鄔	ổ	ai	60
鄖	vân	ai	60
鄗	hạo	ai	60
鄘	dong	ai	60
鄙	bỉ	ai	60
鄚	mạc	ai	60
鄜	phu	ai	60
鄞	ngân	ai	60
鄠	hộ	ai	60
鄢	yên	ai	60
鄣	chương	ai	60
鄧	đặng	confirmed	90
鄩	tầm	ai	60
鄫	tằng	ai	60
鄭	trịnh	confirmed	90
鄯	thiện	ai	60
鄰	lân	confirmed	90
鄱	bà	ai	60
鄲	đan	ai	60
鄳	manh	ai	60
鄴	nghiệp	ai	60
鄶	cối	ai	60
鄹	trâu	ai	60
鄺	quảng	ai	60
酂	toản	ai	60
酃	linh	ai	60
酅	huề	ai	60
酆	phong	ai	60
酇	toản	ai	60
酈	lịch	ai	60
酉	dậu	ai	60
酊	đính	ai	60
酋	tù	ai	60
酌	chước	confirmed	90
配	phối	confirmed	90
酎	trữu	ai	60
酏	di	ai	60
酐	can	ai	60
酒	tửu	ai	60
酗	hú	ai	60
酚	phân	ai	60
酝	uấn	ai	60
酞	thái	ai	60
酡	đà	ai	60
酢	tạc	ai	60
酣	hàm	ai	60
酤	cô	ai	60
酥	tô	ai	60
酦	phát	ai	60
酩	mính	ai	60
酪	lạc	ai	60
酬	thù	confirmed	90
酮	đồng	ai	60
酯	chỉ	ai	60
酰	tiên	ai	60
酱	tương	confirmed	90
酲	trình	ai	60
酴	đồ	ai	60
酵	diếu	ai	60
酵	giáo	ai	60
酶	môi	ai	60
酷	khốc	confirmed	90
酸	toan	ai	60
酹	lỗi	ai	60
酺	bồ	ai	60
酽	nghiệm	ai	60
酾	si	ai	60
酿	nhưỡng	ai	60
醅	phôi	ai	60
醇	thuần	ai	60
醉	túy	ai	60
醋	thố	ai	60
醌	côn	ai	60
醍	đề	ai	60
醐	hồ	ai	60
醑	tư	ai	60
醒	tỉnh	confirmed	90
醖	uấn	ai	60
醚	mê	ai	60
醛	thuyên	ai	60
醜	xú	ai	60
醞	uấn	ai	60
醢	hải	ai	60
醨	ly	ai	60
醪	lao	ai	60
醫	y	confirmed	90
醬	tương	confirmed	90
醭	bốc	ai	60
醮	tiếu	ai	60
醯	hi	ai	60
醱	phát	ai	60
醲	nùng	ai	60
醴	lễ	ai	60
醵	cự	ai	60
醺	huân	ai	60
醾	mi	ai	60
釀	nhưỡng	ai	60
釁	hấn	ai	60
釃	si	ai	60
釅	nghiệm	ai	60
采	thái	confirmed	90
釉	dứu	ai	60
释	thích	confirmed	90
釋	thích	confirmed	90
里	lý	ai	60
重	trọng	confirmed	90
重	trùng	ai	60
野	dã	confirmed	90
量	lượng	ai	60
量	lương	ai	60
釐	ly	ai	60
金	kim	confirmed	90
釓	kiết	ai	60
釔	ất	ai	60
釕	liễu	ai	60
釗	chiêu	ai	60
釘	đinh	confirmed	90
釙	phác	ai	60
釜	phủ	ai	60
針	châm	confirmed	90
釣	điếu	ai	60
釤	sam	ai	60
釧	xuyến	confirmed	90
釩	phàn	ai	60
釴	dặc	ai	60
釵	thoa	confirmed	90
釷	thổ	ai	60
釹	nữ	ai	60
釺	thiên	ai	60
釿	cân	ai	60
鈀	bả	ai	60
鈁	phương	ai	60
鈃	hình	ai	60
鈄	đẩu	ai	60
鈇	phu	ai	60
鈈	bất	ai	60
鈉	nạp	ai	60
鈍	độn	ai	60
鈎	câu	ai	60
鈐	kiềm	confirmed	90
鈑	bản	ai	60
鈔	sao	ai	60
鈕	nữu	ai	60
鈞	quân	ai	60
鈣	cái	ai	60
鈥	hỏa	ai	60
鈦	thái	ai	60
鈧	kháng	ai	60
鈮	ni	confirmed	90
鈰	thị	ai	60
鈴	linh	ai	60
鈷	cổ	ai	60
鈸	bạt	confirmed	90
鈹	phi	ai	60
鈺	ngọc	ai	60
鈾	dầu	ai	60
鈿	điền	ai	60
鉀	giáp	ai	60
鉅	cự	ai	60
鉈	tha	ai	60
鉉	huyễn	ai	60
鉊	chiêu	ai	60
鉍	bí	ai	60
鉑	bạch	ai	60
鉕	phả	ai	60
鉗	kiềm	confirmed	90
鉚	mão	ai	60
鉛	diên	ai	60
鉞	việt	confirmed	90
鉢	bát	ai	60
鉤	câu	confirmed	90
鉥	thuật	ai	60
鉦	chinh	ai	60
鉧	mẫu	ai	60
鉬	mục	ai	60
鉭	thản	ai	60
鉮	thân	ai	60
鉴	giám	ai	60
鉶	hình	ai	60
鉷	hồng	ai	60
鉸	giảo	ai	60
鉺	nhĩ	ai	60
鉻	các	ai	60
鉿	cáp	ai	60
銀	ngân	confirmed	90
銃	súng	confirmed	90
銅	đồng	confirmed	90
銈	khuê	ai	60
銍	chí	ai	60
銎	khung	ai	60
銑	tiển	ai	60
銓	thuyên	ai	60
銖	thù	ai	60
銘	minh	ai	60
銚	diêu	ai	60
銜	hàm	ai	60
銠	lão	ai	60
銣	như	ai	60
銥	y	ai	60
銦	nhân	ai	60
銨	an	ai	60
銩	đâu	ai	60
銪	hữu	ai	60
銫	sắc	ai	60
銬	khảo	ai	60
銮	loan	ai	60
銱	điếu	ai	60
銳	nhuệ	ai	60
銶	cầu	ai	60
銷	tiêu	ai	60
銹	tú	ai	60
銻	thê	ai	60
銼	tỏa	ai	60
鋁	lữ	ai	60
鋃	lang	ai	60
鋅	tân	ai	60
鋆	quân	ai	60
鋇	bối	ai	60
鋈	ốc	ai	60
鋌	đĩnh	ai	60
鋏	kiệp	ai	60
鋐	hoành	ai	60
鋒	phong	ai	60
鋗	huyên	ai	60
鋙	ngữ	ai	60
鋝	luyệt	ai	60
鋟	tẩm	ai	60
鋣	da	ai	60
鋤	sừ	ai	60
鋥	trạnh	ai	60
鋦	cục	ai	60
鋨	nga	ai	60
鋪	phô	ai	60
鋭	nhuệ	ai	60
鋮	thành	ai	60
鋯	cáo	ai	60
鋰	lý	ai	60
鋱	thắc	ai	60
鋶	lưu	ai	60
鋸	cứ	ai	60
鋹	sưởng	ai	60
鋼	cương	ai	60
錀	luân	ai	60
錁	khỏa	ai	60
錆	thương	ai	60
錇	bồi	ai	60
錈	quyển	ai	60
錐	trùy	ai	60
錒	a	ai	60
錕	côn	ai	60
錘	chuỳ	ai	60
錙	truy	ai	60
錚	tranh	ai	60
錛	bôn	ai	60
錞	thuần	ai	60
錟	đàm	ai	60
錠	đĩnh	confirmed	90
錡	kỳ	ai	60
錢	tiền	confirmed	90
錤	ky	ai	60
錦	cẩm	ai	60
錨	miêu	ai	60
錫	tích	ai	60
錮	cố	ai	60
錯	thác	ai	60
錯	thố	ai	60
録	lục	ai	60
錳	mãnh	ai	60
錶	biểu	ai	60
錸	lai	ai	60
錾	tạm	ai	60
鍀	đắc	ai	60
鍁	hân	ai	60
鍃	hoặc	ai	60
鍆	môn	ai	60
鍇	khải	ai	60
鍈	anh	ai	60
鍋	oa	ai	60
鍍	độ	ai	60
鍔	ngạc	ai	60
鍘	trát	ai	60
鍚	dương	ai	60
鍛	đoàn	ai	60
鍠	hoàng	ai	60
鍤	xáp	ai	60
鍥	khiết	ai	60
鍩	nặc	ai	60
鍪	mâu	ai	60
鍬	thiêu	ai	60
鍭	hầu	ai	60
鍰	hoàn	ai	60
鍵	kiện	ai	60
鍶	tư	ai	60
鍺	giả	ai	60
鍾	chung	confirmed	90
鎂	mỹ	ai	60
鎄	ai	ai	60
鎇	mi	ai	60
鎊	bảng	ai	60
鎏	lưu	ai	60
鎓	ông	ai	60
鎔	dong	ai	60
鎖	tỏa	confirmed	90
鎘	cách	ai	60
鎛	bác	ai	60
鎝	tháp	ai	60
鎡	tư	ai	60
鎢	ô	ai	60
鎣	oánh	ai	60
鎦	lưu	ai	60
鎧	khải	ai	60
鎩	sát	ai	60
鎪	sưu	ai	60
鎬	cảo	confirmed	90
鎬	hạo	ai	60
鎮	trấn	confirmed	90
鎰	dật	ai	60
鎲	thảng	ai	60
鎳	niết	ai	60
鎵	gia	ai	60
鎸	tuyên	ai	60
鎿	nã	ai	60
鏃	thốc	ai	60
鏇	toàn	ai	60
鏈	liên	ai	60
鏊	ngao	ai	60
鏌	mạc	ai	60
鏏	vệ	ai	60
鏐	lưu	ai	60
鏑	đích	ai	60
鏑	trích	ai	60
鏖	ao	ai	60
鏗	khanh	confirmed	90
鏘	thương	ai	60
鏜	thang	ai	60
鏝	man	ai	60
鏞	dong	ai	60
鏟	sản	ai	60
鏡	kính	ai	60
鏢	tiêu	ai	60
鏤	lũ	ai	60
鏨	tạm	ai	60
鏰	băng	ai	60
鏵	hoa	ai	60
鏷	bộc	ai	60
鏹	cưỡng	ai	60
鏹	cang	ai	60
鏺	bát	ai	60
鏻	lân	ai	60
鏽	tú	ai	60
鐃	nao	ai	60
鐄	hoành	ai	60
鐇	phiền	ai	60
鐋	thang	ai	60
鐍	quyết	ai	60
鐏	tỗn	ai	60
鐐	liêu	confirmed	90
鐒	lao	confirmed	90
鐓	đôn	ai	60
鐓	đối	ai	60
鐔	tầm	ai	60
鐔	đàm	ai	60
鐘	chung	ai	60
鐙	đăng	ai	60
鐙	đặng	ai	60
鐝	quyết	ai	60
鐠	phổ	ai	60
鐦	khai	ai	60
鐧	giản	ai	60
鐨	phí	ai	60
鐩	toại	ai	60
鐫	tuyên	ai	60
鐮	liêm	ai	60
鐯	trác	ai	60
鐲	trạc	ai	60
鐲	chúc	ai	60
鐳	lôi	ai	60
鐵	thiết	confirmed	90
鐶	hoàn	ai	60
鐸	đạc	confirmed	90
鐺	đang	ai	60
鐽	đạt	ai	60
鐾	bích	ai	60
鐿	ý	ai	60
鑄	chú	ai	60
鑊	hoạch	ai	60
鑌	tân	ai	60
鑒	giám	ai	60
鑔	sát	ai	60
鑕	chất	confirmed	90
鑞	lạp	ai	60
鑠	thước	confirmed	90
鑣	tiêu	ai	60
鑥	lỗ	ai	60
鑪	lô	ai	60
鑫	hâm	ai	60
鑭	lan	ai	60
鑰	thược	ai	60
鑰	dược	ai	60
鑱	sàm	ai	60
鑲	tương	ai	60
鑷	niếp	ai	60
鑹	thoản	ai	60
鑼	la	confirmed	90
鑽	toản	ai	60
鑾	loan	ai	60
鑿	tạc	confirmed	90
钂	thảng	ai	60
钆	ca	ai	60
钇	ất	ai	60
针	châm	confirmed	90
钉	đinh	confirmed	90
钊	chiêu	ai	60
钋	phác	ai	60
钌	liễu	ai	60
钍	thổ	ai	60
钎	thiên	ai	60
钏	xuyến	confirmed	90
钐	sam	ai	60
钒	phàn	ai	60
钓	điếu	ai	60
钔	môn	ai	60
钕	nữ	ai	60
钖	dương	ai	60
钗	thoa	confirmed	90
钘	hình	ai	60
钙	cái	ai	60
钚	bất	ai	60
钛	thái	ai	60
钜	cự	ai	60
钝	độn	ai	60
钞	sao	ai	60
钟	chung	confirmed	90
钠	nạp	ai	60
钡	bối	ai	60
钢	cương	ai	60
钣	bản	ai	60
钤	kiềm	confirmed	90
钥	dược	ai	60
钥	thược	ai	60
钦	khâm	confirmed	90
钧	quân	ai	60
钨	ô	ai	60
钩	câu	confirmed	90
钪	kháng	ai	60
钫	phương	ai	60
钬	hỏa	ai	60
钭	đẩu	ai	60
钮	nữu	ai	60
钯	bả	ai	60
钰	ngọc	ai	60
钱	tiền	confirmed	90
钲	chinh	ai	60
钳	kiềm	confirmed	90
钴	cổ	ai	60
钵	bát	confirmed	90
钷	phả	ai	60
钹	bạt	confirmed	90
钺	việt	confirmed	90
钻	toản	ai	60
钼	mục	ai	60
钽	thản	ai	60
钾	giáp	ai	60
钿	điền	ai	60
铀	dụ	ai	60
铁	thiết	confirmed	90
铂	bạch	ai	60
铃	linh	ai	60
铄	thước	confirmed	90
铅	duyên	confirmed	90
铆	mão	ai	60
铈	thị	ai	60
铉	huyễn	ai	60
铊	tha	ai	60
铋	tất	ai	60
铌	nê	ai	60
铍	phi	ai	60
铎	đạc	confirmed	90
铏	hình	ai	60
铐	khảo	ai	60
铑	lão	ai	60
铒	nhĩ	ai	60
铕	hữu	ai	60
铖	thành	ai	60
铗	giáp	ai	60
铘	da	ai	60
铙	nạo	ai	60
铚	chất	ai	60
铛	đang	ai	60
铜	đồng	confirmed	90
铝	lữ	ai	60
铞	điếu	ai	60
铟	nhân	ai	60
铠	khải	ai	60
铡	trát	ai	60
铢	thù	ai	60
铣	tiển	ai	60
铤	đĩnh	ai	60
铥	đâu	ai	60
铧	hoa	ai	60
铨	thuyên	ai	60
铩	sát	ai	60
铪	cáp	ai	60
铫	diêu	ai	60
铬	các	ai	60
铭	minh	ai	60
铮	tranh	ai	60
铯	sắc	ai	60
铰	giảo	ai	60
铱	y	ai	60
铲	sản	ai	60
铳	súng	confirmed	90
铴	thang	ai	60
铵	an	ai	60
银	ngân	confirmed	90
铷	như	ai	60
铸	chú	ai	60
铹	lao	confirmed	90
铺	phô	ai	60
铻	ngô	ai	60
铼	lai	ai	60
铽	thắc	ai	60
链	liên	ai	60
铿	khanh	confirmed	90
销	tiêu	ai	60
锁	tỏa	confirmed	90
锂	lý	ai	60
锃	tịnh	ai	60
锄	sừ	ai	60
锅	oa	ai	60
锆	cáo	ai	60
锇	nga	ai	60
锈	tú	ai	60
锉	tỏa	ai	60
锊	luyện	ai	60
锋	phong	ai	60
锌	tân	ai	60
锍	lưu	ai	60
锎	khai	ai	60
锏	giản	ai	60
锐	nhuệ	ai	60
锑	thê	ai	60
锒	lang	ai	60
锓	xâm	ai	60
锔	cục	ai	60
锕	a	ai	60
锖	thương	ai	60
锗	giả	ai	60
锘	nặc	ai	60
错	thác	ai	60
锚	miêu	ai	60
锛	bôn	ai	60
锜	kỳ	ai	60
锝	đắc	ai	60
锞	khỏa	ai	60
锟	côn	ai	60
锡	tích	ai	60
锢	cố	ai	60
锣	la	confirmed	90
锤	chùy	ai	60
锥	trùy	ai	60
锦	cẩm	ai	60
锧	chất	confirmed	90
锨	hiên	ai	60
锩	quyển	ai	60
锪	hốt	ai	60
锫	bồi	ai	60
锬	đàm	ai	60
锭	đĩnh	confirmed	90
键	kiện	ai	60
锯	cứ	ai	60
锰	mãnh	ai	60
锱	truy	ai	60
锲	khiết	ai	60
锳	anh	ai	60
锴	khải	ai	60
锵	thương	ai	60
锶	tư	ai	60
锷	ngạc	ai	60
锸	sáp	ai	60
锹	thiêu	ai	60
锺	chung	confirmed	90
锻	đoàn	ai	60
锼	sưu	ai	60
锽	hoàng	ai	60
锾	hoàn	ai	60
锿	ai	ai	60
镀	độ	ai	60
镁	mỹ	ai	60
镂	lũ	ai	60
镃	tư	ai	60
镄	phí	ai	60
镅	mi	ai	60
镆	mạc	ai	60
镇	trấn	confirmed	90
镈	bác	ai	60
镉	cách	ai	60
镊	niếp	ai	60
镋	thảng	ai	60
镌	tuyên	ai	60
镍	niết	ai	60
镎	nã	ai	60
镏	lưu	ai	60
镐	cảo	confirmed	90
镑	bảng	ai	60
镒	dật	ai	60
镓	gia	ai	60
镔	tân	ai	60
镕	dong	ai	60
镖	tiêu	ai	60
镗	thang	ai	60
镘	mạn	ai	60
镚	bính	ai	60
镛	dong	ai	60
镜	kính	ai	60
镝	đích	ai	60
镞	thốc	ai	60
镠	lưu	ai	60
镡	tầm	ai	60
镢	quyết	ai	60
镣	liệu	ai	60
镤	phác	ai	60
镥	lỗ	ai	60
镦	đôn	ai	60
镧	lan	ai	60
镨	phổ	ai	60
镩	thoản	ai	60
镪	cưỡng	ai	60
镫	đăng	ai	60
镬	hoạch	ai	60
镭	lôi	ai	60
镮	hoàn	ai	60
镯	trạc	ai	60
镰	liêm	ai	60
镱	ý	ai	60
镲	sát	ai	60
镳	tiêu	ai	60
镴	lạp	ai	60
镵	sàm	ai	60
镶	tương	ai	60
長	trường	confirmed	90
長	trưởng	ai	60
長	tràng	ai	60
长	trường	confirmed	90
长	trưởng	ai	60
門	môn	confirmed	90
閂	san	ai	60
閂	thuyên	ai	60
閃	thiểm	ai	60
閆	diêm	ai	60
閉	bế	confirmed	90
開	khai	confirmed	90
閌	khang	ai	60
閎	hoành	ai	60
閏	nhuận	confirmed	90
閑	nhàn	confirmed	90
間	gian	confirmed	90
間	gián	ai	60
閔	mẫn	ai	60
閘	áp	ai	60
閘	sáp	ai	60
閡	ngại	ai	60
閡	hạch	ai	60
閣	các	confirmed	90
閤	các	ai	60
閥	phiệt	ai	60
閨	khuê	confirmed	90
閩	mân	ai	60
閫	khổn	ai	60
閬	lãng	ai	60
閬	lang	ai	60
閭	lư	ai	60
閱	duyệt	ai	60
閲	duyệt	confirmed	90
閶	xương	ai	60
閹	yêm	ai	60
閻	diêm	ai	60
閼	át	ai	60
閼	yên	ai	60
閽	hôn	ai	60
閾	vực	ai	60
閿	văn	ai	60
闃	khuých	ai	60
闆	bản	ai	60
闈	vi	ai	60
闉	nhân	ai	60
闊	khoát	ai	60
闋	khuyết	ai	60
闌	lan	ai	60
闍	đồ	ai	60
闍	xà	ai	60
闐	điền	ai	60
闑	niết	ai	60
闒	tháp	ai	60
闓	khải	ai	60
闔	hạp	ai	60
闕	khuyết	ai	60
闕	quyết	ai	60
闖	sấm	confirmed	90
闖	sảng	ai	60
關	quan	confirmed	90
闞	hám	ai	60
闞	khám	ai	60
闡	xiển	ai	60
闢	tịch	ai	60
闥	thát	ai	60
门	môn	confirmed	90
闩	xuyên	ai	60
闪	thiểm	ai	60
闫	diêm	ai	60
闭	bế	confirmed	90
问	vấn	ai	60
闯	sấm	confirmed	90
闰	nhuận	confirmed	90
闱	vi	ai	60
闲	nhàn	confirmed	90
闳	hoành	ai	60
间	gian	confirmed	90
闵	mẫn	ai	60
闶	khang	ai	60
闷	muộn	ai	60
闸	áp	ai	60
闹	náo	confirmed	90
闺	khuê	confirmed	90
闻	văn	ai	60
闼	thát	ai	60
闽	mân	ai	60
闾	lư	ai	60
闿	khải	ai	60
阀	phạt	ai	60
阁	các	confirmed	90
阂	hạch	ai	60
阃	khổn	ai	60
阄	cưu	ai	60
阅	duyệt	confirmed	90
阆	lãng	ai	60
阆	lang	ai	60
阇	đồ	ai	60
阇	xà	ai	60
阈	vực	ai	60
阉	yêm	ai	60
阊	xương	ai	60
阋	hích	ai	60
阌	văn	ai	60
阍	hôn	ai	60
阎	diêm	ai	60
阏	át	ai	60
阏	yên	ai	60
阐	xiển	ai	60
阑	lan	ai	60
阒	khuých	ai	60
阔	khoát	ai	60
阕	khuyết	ai	60
阖	hạp	ai	60
阗	điền	ai	60
阘	tháp	ai	60
阙	khuyết	ai	60
阙	quyết	ai	60
阚	hám	ai	60
阜	phụ	ai	60
队	đội	confirmed	90
阡	thiên	ai	60
阪	bản	ai	60
阮	nguyễn	confirmed	90
阱	tỉnh	ai	60
防	phòng	confirmed	90
阳	dương	confirmed	90
阴	âm	confirmed	90
阵	trận	confirmed	90
阶	giai	confirmed	90
阻	trở	confirmed	90
阼	tộ	ai	60
阽	điếm	ai	60
阽	diêm	ai	60
阿	a	ai	60
阿	á	ai	60
陀	đà	ai	60
陂	bi	ai	60
陂	pha	ai	60
附	phụ	ai	60
际	tế	ai	60
陆	lục	confirmed	90
陇	lũng	ai	60
陈	trần	confirmed	90
陉	hình	ai	60
陋	lậu	confirmed	90
陌	mạch	ai	60
降	giáng	confirmed	90
降	hàng	ai	60
陎	chu	ai	60
限	hạn	confirmed	90
陑	nhi	ai	60
陔	cai	ai	60
陕	thiểm	ai	60
陘	hình	ai	60
陛	bệ	confirmed	90
陝	thiểm	ai	60
陞	thăng	confirmed	90
陟	trắc	ai	60
陡	đẩu	ai	60
院	viện	confirmed	90
陣	trận	confirmed	90
除	trừ	confirmed	90
陧	niết	ai	60
陨	vẫn	ai	60
险	hiểm	confirmed	90
陪	bồi	ai	60
陬	tưu	ai	60
陰	âm	confirmed	90
陲	thùy	confirmed	90
陳	trần	confirmed	90
陳	trận	ai	60
陴	bì	ai	60
陵	lăng	confirmed	90
陶	đào	ai	60
陶	dao	ai	60
陷	hãm	confirmed	90
陸	lục	confirmed	90
陽	dương	confirmed	90
隃	du	ai	60
隅	ngung	ai	60
隆	long	confirmed	90
隈	ôi	ai	60
隉	niết	ai	60
隊	đội	confirmed	90
隋	tùy	ai	60
隍	hoàng	ai	60
階	giai	confirmed	90
随	tùy	confirmed	90
隐	ẩn	confirmed	90
隑	cai	ai	60
隔	cách	confirmed	90
隕	vẫn	ai	60
隗	ngỗi	ai	60
隗	quỳ	ai	60
隘	ải	confirmed	90
隙	khích	confirmed	90
際	tế	ai	60
障	chướng	confirmed	90
隤	đồi	ai	60
隧	tùy	ai	60
隨	tùy	confirmed	90
隩	úc	ai	60
隩	áo	ai	60
險	hiểm	confirmed	90
隮	tê	ai	60
隰	thấp	confirmed	90
隱	ẩn	confirmed	90
隱	ấn	ai	60
隳	huy	ai	60
隴	lũng	ai	60
隶	lệ	ai	60
隸	lệ	ai	60
隹	chuy	ai	60
隺	hạc	ai	60
隻	chích	ai	60
隼	chuẩn	ai	60
隽	tuấn	confirmed	90
难	nan	confirmed	90
难	nạn	ai	60
雀	tước	confirmed	90
雁	nhạn	ai	60
雄	hùng	confirmed	90
雅	nhã	confirmed	90
集	tập	confirmed	90
雇	cố	ai	60
雉	trĩ	confirmed	90
雊	cấu	ai	60
雋	tuấn	confirmed	90
雋	tuyển	ai	60
雌	thư	confirmed	90
雍	ung	ai	60
雎	sư	ai	60
雏	sồ	ai	60
雒	lạc	ai	60
雕	điêu	ai	60
雖	tuy	confirmed	90
雙	song	confirmed	90
雛	sồ	ai	60
雜	tạp	confirmed	90
雞	kê	ai	60
雠	thù	confirmed	90
離	ly	confirmed	90
難	nan	confirmed	90
難	nạn	ai	60
雨	vũ	ai	60
雩	vu	ai	60
雪	tuyết	ai	60
雯	văn	ai	60
雱	bàng	ai	60
雲	vân	confirmed	90
雳	lịch	ai	60
零	linh	ai	60
雷	lôi	confirmed	90
雹	bạc	ai	60
電	điện	ai	60
雾	vụ	confirmed	90
需	nhu	ai	60
霁	tễ	ai	60
霄	tiêu	ai	60
霅	tráp	ai	60
霆	đình	confirmed	90
震	chấn	ai	60
霈	phái	ai	60
霉	môi	ai	60
霍	hoắc	confirmed	90
霎	sáp	ai	60
霏	phi	ai	60
霓	nghê	ai	60
霖	lâm	confirmed	90
霜	sương	confirmed	90
霞	hà	ai	60
霧	vụ	confirmed	90
霨	úy	ai	60
霪	dâm	ai	60
霭	ải	ai	60
霰	tản	ai	60
露	lộ	confirmed	90
霸	bá	confirmed	90
霹	tích	ai	60
霽	tễ	ai	60
霾	mai	ai	60
靂	lịch	ai	60
靄	ái	ai	60
靆	đãi	ai	60
靈	linh	confirmed	90
靉	ái	ai	60
青	thanh	confirmed	90
靓	tịnh	ai	60
靖	tĩnh	ai	60
静	tĩnh	ai	60
靚	tịnh	ai	60
靚	lượng	ai	60
靛	điện	ai	60
靜	tĩnh	ai	60
非	phi	confirmed	90
靠	kháo	ai	60
靡	mĩ	ai	60
靡	mi	ai	60
面	diện	ai	60
靥	yếp	ai	60
靨	yếp	ai	60
革	cách	ai	60
靬	can	ai	60
靰	ngột	ai	60
靳	cận	ai	60
靴	ngoa	ai	60
靶	bá	ai	60
靸	táp	ai	60
靺	mạt	ai	60
靼	đạt	ai	60
靽	bán	ai	60
靿	áo	ai	60
鞁	bị	ai	60
鞅	ương	ai	60
鞋	hài	confirmed	90
鞍	an	ai	60
鞏	củng	confirmed	90
鞑	thát	ai	60
鞒	kiều	ai	60
鞔	man	ai	60
鞘	kiều	ai	60
鞘	sao	ai	60
鞝	thượng	ai	60
鞠	cúc	confirmed	90
鞡	lạp	ai	60
鞣	nhu	ai	60
鞦	thu	ai	60
鞧	thu	ai	60
鞨	hạt	ai	60
鞫	cúc	ai	60
鞬	kiện	ai	60
鞭	tiên	ai	60
鞮	đê	ai	60
鞯	tiên	ai	60
鞲	câu	ai	60
鞳	tháp	ai	60
鞴	bị	ai	60
鞽	kiều	ai	60
韁	cương	confirmed	90
韂	sạn	ai	60
韃	thát	ai	60
韆	thiên	ai	60
韉	yên	ai	60
韋	vi	ai	60
韌	nhận	ai	60
韍	phất	ai	60
韓	hàn	ai	60
韙	vĩ	ai	60
韜	thao	ai	60
韞	uẩn	ai	60
韦	vi	ai	60
韧	nhận	ai	60
韨	phất	ai	60
韩	hàn	ai	60
韪	vĩ	ai	60
韫	uẩn	ai	60
韬	thao	ai	60
韭	cửu	ai	60
音	âm	confirmed	90
韵	vận	confirmed	90
韶	thiều	confirmed	90
韻	vận	confirmed	90
響	hưởng	ai	60
頁	hiệt	ai	60
頂	đỉnh	ai	60
頃	khoảnh	confirmed	90
頃	khuynh	ai	60
項	hạng	confirmed	90
順	thuận	confirmed	90
頇	han	ai	60
須	tu	ai	60
頊	húc	ai	60
頌	tụng	confirmed	90
頍	khuy	ai	60
頎	kỳ	ai	60
頏	hàng	ai	60
預	dự	confirmed	90
頑	ngoan	confirmed	90
頒	ban	ai	60
頒	phân	ai	60
頓	đốn	confirmed	90
頓	độn	ai	60
頔	địch	ai	60
頗	phả	ai	60
領	lĩnh	ai	60
頜	hạp	ai	60
頜	cáp	ai	60
頠	ngỗi	ai	60
頡	hiệt	ai	60
頡	kiết	ai	60
頤	di	ai	60
頦	hài	ai	60
頦	cai	ai	60
頫	phủ	ai	60
頭	đầu	confirmed	90
頰	giáp	ai	60
頲	đĩnh	ai	60
頵	quân	ai	60
頷	hạm	ai	60
頷	hàm	ai	60
頸	cảnh	ai	60
頹	đồi	ai	60
頻	tần	ai	60
頽	đồi	ai	60
顆	khỏa	ai	60
題	đề	ai	60
額	ngạch	confirmed	90
顎	ngạc	ai	60
顏	nhan	ai	60
顒	ngung	confirmed	90
顓	chuyên	ai	60
顔	nhan	confirmed	90
顗	nghĩ	ai	60
願	nguyện	confirmed	90
顙	tảng	ai	60
顛	điên	confirmed	90
類	loại	confirmed	90
顢	man	ai	60
顥	hạo	ai	60
顧	cố	confirmed	90
顫	chiến	ai	60
顫	đản	ai	60
顬	nhu	ai	60
顯	hiển	confirmed	90
顰	tần	ai	60
顱	lô	ai	60
顳	niếp	ai	60
顴	quyền	ai	60
页	hiệt	ai	60
顶	đỉnh	ai	60
顷	khoảnh	confirmed	90
顸	hãn	ai	60
项	hạng	confirmed	90
顺	thuận	confirmed	90
须	tu	confirmed	90
顼	húc	ai	60
顽	ngoan	confirmed	90
顾	cố	confirmed	90
顿	đốn	confirmed	90
颀	kỳ	ai	60
颁	ban	ai	60
颂	tụng	confirmed	90
颃	hàng	ai	60
预	dự	confirmed	90
颅	lô	ai	60
领	lĩnh	ai	60
颇	pha	ai	60
颈	cảnh	ai	60
颉	hiệt	ai	60
颉	kiết	ai	60
颊	giáp	ai	60
颋	đĩnh	ai	60
颌	hạp	ai	60
颍	dĩnh	ai	60
颎	quýnh	ai	60
颏	hài	ai	60
颐	di	ai	60
频	tần	ai	60
颓	đồi	ai	60
颔	hạm	ai	60
颖	dĩnh	confirmed	90
颗	khỏa	ai	60
题	đề	ai	60
颙	ngung	confirmed	90
颚	ngạc	ai	60
颛	chuyên	ai	60
颜	nhan	confirmed	90
额	ngạch	confirmed	90
颞	niếp	ai	60
颟	man	ai	60
颠	điên	confirmed	90
颡	tảng	ai	60
颢	hạo	ai	60
颤	chiến	ai	60
颥	nhu	ai	60
颦	tần	ai	60
颧	quyền	ai	60
風	phong	confirmed	90
颭	chiêm	ai	60
颮	tiêu	ai	60
颯	táp	confirmed	90
颱	đài	ai	60
颳	quát	ai	60
颶	cụ	ai	60
颸	ty	ai	60
颺	dương	ai	60
颼	sưu	ai	60
飀	lưu	ai	60
飄	phiêu	confirmed	90
飆	tiêu	ai	60
风	phong	confirmed	90
飏	dương	ai	60
飐	chiêm	ai	60
飑	biêu	ai	60
飒	táp	confirmed	90
飓	cụ	ai	60
飔	tư	ai	60
飕	sưu	ai	60
飗	lưu	ai	60
飘	phiêu	confirmed	90
飙	tiêu	ai	60
飛	phi	confirmed	90
飞	phi	confirmed	90
食	thực	ai	60
食	tự	ai	60
飢	cơ	confirmed	90
飧	san	ai	60
飨	hưởng	ai	60
飩	đồn	ai	60
飪	nhẫm	ai	60
飫	ứ	ai	60
飭	sức	confirmed	90
飯	phạn	ai	60
飲	ẩm	confirmed	90
飲	ấm	ai	60
飴	di	ai	60
飼	tự	ai	60
飽	bão	ai	60
飾	sức	ai	60
飿	đốc	ai	60
餃	giảo	ai	60
餄	hợp	ai	60
餅	bính	ai	60
餉	hướng	ai	60
養	dưỡng	confirmed	90
餌	nhị	ai	60
餍	yếm	ai	60
餎	lạc	ai	60
餏	ty	ai	60
餐	xan	ai	60
餑	bột	ai	60
餒	nỗi	ai	60
餓	ngạ	ai	60
餗	tốc	ai	60
餘	dư	confirmed	90
餚	hào	ai	60
餛	hồn	ai	60
餜	quả	ai	60
餞	tiễn	ai	60
餡	hãm	ai	60
館	quán	confirmed	90
餮	thiết	ai	60
餱	hầu	ai	60
餳	đường	ai	60
餳	tinh	ai	60
餶	cốt	ai	60
餷	tra	ai	60
餼	hí	ai	60
餾	lựu	ai	60
餿	sưu	ai	60
饁	diệp	ai	60
饃	mô	ai	60
饅	man	ai	60
饈	tu	ai	60
饉	cẩn	ai	60
饊	tản	ai	60
饋	quỹ	ai	60
饌	soạn	confirmed	90
饑	cơ	confirmed	90
饒	nhiêu	confirmed	90
饔	ung	ai	60
饕	thao	ai	60
饗	hưởng	ai	60
饘	chiên	ai	60
饜	yếm	ai	60
饞	sàm	ai	60
饢	nang	ai	60
饥	cơ	confirmed	90
饧	đường	ai	60
饨	đồn	ai	60
饩	hí	ai	60
饪	nhẫm	ai	60
饫	ứ	ai	60
饬	sức	confirmed	90
饭	phạn	ai	60
饮	ẩm	confirmed	90
饯	tiễn	ai	60
饰	sức	ai	60
饱	bão	ai	60
饲	tự	ai	60
饳	đốt	ai	60
饴	di	ai	60
饵	nhĩ	ai	60
饶	nhiêu	confirmed	90
饷	hưởng	ai	60
饸	hợp	ai	60
饹	lạc	ai	60
饺	giảo	ai	60
饻	hy	ai	60
饼	bính	ai	60
饽	bột	ai	60
饿	ngạ	ai	60
馁	nỗi	ai	60
馃	quả	ai	60
馄	hồn	ai	60
馅	hãm	ai	60
馆	quán	confirmed	90
馇	tra	ai	60
馈	quỹ	ai	60
馉	cốt	ai	60
馊	sưu	ai	60
馋	sàm	ai	60
馌	diệp	ai	60
馍	mô	ai	60
馏	lựu	ai	60
馐	tu	ai	60
馑	cận	ai	60
馒	man	ai	60
馓	tản	ai	60
馔	soạn	confirmed	90
馕	nang	ai	60
首	thủ	confirmed	90
馗	quỳ	ai	60
馘	quắc	ai	60
香	hương	confirmed	90
馝	bí	ai	60
馞	bột	ai	60
馥	phức	confirmed	90
馧	uân	ai	60
馨	hinh	ai	60
馬	mã	confirmed	90
馭	ngự	ai	60
馮	phùng	ai	60
馱	đà	ai	60
馱	đả	ai	60
馳	trì	ai	60
馴	tuần	ai	60
馹	nhật	ai	60
馼	văn	ai	60
駁	bác	confirmed	90
駃	quyết	ai	60
駉	quynh	ai	60
駐	trú	confirmed	90
駑	nô	ai	60
駒	câu	confirmed	90
駓	phi	ai	60
駔	tảng	ai	60
駕	giá	confirmed	90
駘	đài	ai	60
駘	thai	ai	60
駙	phụ	ai	60
駛	sử	ai	60
駝	đà	confirmed	90
駟	tứ	ai	60
駡	mạ	ai	60
駢	biền	ai	60
駪	sân	ai	60
駭	hãi	confirmed	90
駰	nhân	ai	60
駱	lạc	ai	60
駸	xâm	ai	60
駼	đồ	ai	60
駿	tuấn	confirmed	90
騁	sính	ai	60
騂	tuynh	ai	60
騄	lục	ai	60
騅	chuy	ai	60
騊	đào	ai	60
騍	khỏa	ai	60
騎	kỵ	confirmed	90
騎	kỳ	ai	60
騏	kỳ	ai	60
騑	phi	ai	60
騖	vụ	ai	60
騙	phiến	ai	60
騞	hoạch	ai	60
騠	đề	ai	60
騤	quỳ	ai	60
騫	khiên	ai	60
騭	chất	ai	60
騮	lưu	ai	60
騰	đằng	ai	60
騱	hề	ai	60
騵	nguyên	ai	60
騶	trâu	ai	60
騷	tao	confirmed	90
騸	phiến	ai	60
騾	loa	ai	60
驀	mạch	ai	60
驁	ngạo	ai	60
驂	tham	ai	60
驃	phiếu	ai	60
驃	tiêu	ai	60
驄	thông	ai	60
驅	khu	ai	60
驊	hoa	ai	60
驌	túc	ai	60
驍	kiêu	ai	60
驎	lân	ai	60
驏	sản	ai	60
驕	kiêu	confirmed	90
驗	nghiệm	confirmed	90
驚	kinh	confirmed	90
驛	dịch	confirmed	90
驟	sậu	confirmed	90
驢	lư	ai	60
驤	tương	ai	60
驥	kỵ	ai	60
驦	sương	ai	60
驪	ly	ai	60
驫	tiêu	ai	60
马	mã	confirmed	90
驭	ngự	ai	60
驮	đà	ai	60
驯	tuần	ai	60
驰	trì	ai	60
驱	khu	ai	60
驲	nhật	ai	60
驳	bác	confirmed	90
驴	lư	ai	60
驵	tảng	ai	60
驶	sử	ai	60
驷	tứ	ai	60
驸	phụ	ai	60
驹	câu	confirmed	90
驺	trâu	ai	60
驻	trú	confirmed	90
驼	đà	confirmed	90
驽	nô	ai	60
驾	giá	confirmed	90
驿	dịch	confirmed	90
骀	đài	ai	60
骁	kiêu	ai	60
骂	mạ	confirmed	90
骃	nhân	ai	60
骄	kiêu	confirmed	90
骅	hoa	ai	60
骆	lạc	ai	60
骇	hãi	confirmed	90
骈	biền	ai	60
骉	phiêu	ai	60
骊	ly	ai	60
骋	sính	ai	60
验	nghiệm	confirmed	90
骍	tân	ai	60
骎	xâm	ai	60
骏	tuấn	confirmed	90
骐	kỳ	ai	60
骑	kỵ	confirmed	90
骑	kỳ	ai	60
骒	khỏa	ai	60
骓	truy	ai	60
骕	túc	ai	60
骖	tham	ai	60
骗	phiến	ai	60
骘	chất	ai	60
骙	quỳ	ai	60
骚	tao	confirmed	90
骛	vụ	ai	60
骜	ngạo	ai	60
骝	lưu	ai	60
骞	khiên	ai	60
骟	phiến	ai	60
骠	phiếu	ai	60
骡	loa	ai	60
骢	thông	ai	60
骣	sản	ai	60
骤	sậu	confirmed	90
骥	kí	ai	60
骦	sương	ai	60
骧	tương	ai	60
骨	cốt	confirmed	90
骯	khảng	ai	60
骯	cang	ai	60
骰	đầu	ai	60
骱	giới	ai	60
骶	để	ai	60
骷	khô	ai	60
骸	hài	confirmed	90
骺	hầu	ai	60
骼	cách	ai	60
髀	bễ	ai	60
髁	khỏa	ai	60
髂	khá	ai	60
髃	ngu	ai	60
髅	lâu	confirmed	90
髋	khoan	ai	60
髌	bận	ai	60
髎	liêu	ai	60
髏	lâu	ai	60
髑	độc	ai	60
髒	tảng	ai	60
髓	tủy	confirmed	90
體	thể	confirmed	90
髕	bẫn	ai	60
髖	khoan	ai	60
高	cao	confirmed	90
髡	khôn	ai	60
髢	địch	ai	60
髦	mao	confirmed	90
髫	thiều	ai	60
髭	tì	ai	60
髮	phát	ai	60
髯	nhiêm	ai	60
髹	hưu	ai	60
髻	kế	ai	60
髽	tra	ai	60
鬃	tông	ai	60
鬆	tùng	ai	60
鬈	quyền	ai	60
鬍	hồ	ai	60
鬏	thu	ai	60
鬒	chẩn	ai	60
鬓	mấn	ai	60
鬘	man	ai	60
鬚	tu	confirmed	90
鬟	hoàn	ai	60
鬢	tấn	ai	60
鬣	liệp	ai	60
鬥	đấu	confirmed	90
鬧	náo	confirmed	90
鬩	hích	ai	60
鬮	cưu	ai	60
鬯	sưởng	ai	60
鬱	uất	ai	60
鬲	cách	ai	60
鬲	lịch	ai	60
鬶	quy	ai	60
鬷	tông	ai	60
鬹	quy	ai	60
鬻	dục	ai	60
鬼	quỷ	confirmed	90
魁	khôi	confirmed	90
魂	hồn	confirmed	90
魃	bạt	ai	60
魄	phách	confirmed	90
魄	bạch	ai	60
魅	mị	ai	60
魆	hốt	ai	60
魇	yểm	ai	60
魈	tiêu	ai	60
魉	lượng	ai	60
魋	đồi	ai	60
魍	võng	ai	60
魎	lượng	ai	60
魏	ngụy	ai	60
魑	si	ai	60
魔	ma	confirmed	90
魘	yểm	ai	60
魚	ngư	confirmed	90
魛	đao	ai	60
魢	kỷ	ai	60
魨	đồn	ai	60
魯	lỗ	confirmed	90
魴	phòng	ai	60
魷	vưu	ai	60
鮀	đà	ai	60
鮁	bạt	ai	60
鮃	bình	ai	60
鮆	tễ	ai	60
鮈	câu	ai	60
鮊	bạch	ai	60
鮋	du	ai	60
鮍	phi	ai	60
鮎	niêm	ai	60
鮐	thai	ai	60
鮑	bào	ai	60
鮒	phụ	ai	60
鮓	trả	ai	60
鮚	cát	ai	60
鮜	hậu	ai	60
鮝	tưởng	ai	60
鮞	nhi	ai	60
鮟	an	ai	60
鮠	ngôi	ai	60
鮡	triệu	ai	60
鮣	ấn	ai	60
鮦	trụ	ai	60
鮪	vị	ai	60
鮫	giao	ai	60
鮭	khuê	ai	60
鮭	hài	ai	60
鮮	tiên	confirmed	90
鮮	tiển	ai	60
鮶	quân	ai	60
鮸	miễn	ai	60
鮺	tra	ai	60
鯀	cổn	ai	60
鯁	cánh	ai	60
鯇	hoàn	ai	60
鯉	lý	ai	60
鯊	sa	ai	60
鯒	dũng	ai	60
鯔	tri	ai	60
鯕	kỳ	ai	60
鯖	thanh	ai	60
鯖	chinh	ai	60
鯗	tưởng	ai	60
鯛	điêu	ai	60
鯝	cố	ai	60
鯡	phi	ai	60
鯢	nghê	confirmed	90
鯤	côn	ai	60
鯧	xương	ai	60
鯨	kình	confirmed	90
鯪	lăng	ai	60
鯫	tưu	ai	60
鯴	sắt	ai	60
鯷	đề	ai	60
鯻	lạt	ai	60
鯽	tức	ai	60
鯿	biên	ai	60
鰁	tuyền	ai	60
鰂	tặc	ai	60
鰃	ôi	ai	60
鰆	xuân	ai	60
鰈	điệp	ai	60
鰉	hoàng	ai	60
鰊	luyện	ai	60
鰍	thu	ai	60
鰏	bức	ai	60
鰐	ngạc	ai	60
鰓	tai	ai	60
鰛	ôn	ai	60
鰜	kiêm	ai	60
鰟	bàng	ai	60
鰣	thì	ai	60
鰤	sư	ai	60
鰥	quan	ai	60
鰧	đằng	ai	60
鰨	tháp	ai	60
鰩	dao	ai	60
鰭	kỳ	ai	60
鰮	ôn	ai	60
鰱	liên	confirmed	90
鰲	ngao	ai	60
鰳	lặc	ai	60
鰵	mẫn	ai	60
鰶	tế	ai	60
鰷	điều	ai	60
鰹	kiên	ai	60
鰺	sâm	ai	60
鰻	man	ai	60
鰼	tập	ai	60
鰾	phiếu	ai	60
鱀	kỵ	ai	60
鱂	tương	ai	60
鱅	dong	ai	60
鱇	khang	ai	60
鱈	tuyết	ai	60
鱉	biết	ai	60
鱒	tôn	ai	60
鱔	thiện	ai	60
鱖	quế	ai	60
鱗	lân	ai	60
鱘	tầm	ai	60
鱚	hỉ	ai	60
鱝	phẫn	ai	60
鱟	hậu	ai	60
鱠	quái	ai	60
鱣	chiên	ai	60
鱣	thiện	ai	60
鱤	cảm	ai	60
鱧	lễ	ai	60
鱨	thường	ai	60
鱭	tễ	ai	60
鱯	hoạch	ai	60
鱲	liệp	ai	60
鱷	ngạc	ai	60
鱸	lư	ai	60
鱺	ly	ai	60
鱼	ngư	confirmed	90
鱽	đao	ai	60
鱾	kỷ	ai	60
鱿	vưu	ai	60
鲀	đồn	ai	60
鲁	lỗ	confirmed	90
鲂	phòng	ai	60
鲃	ba	ai	60
鲅	bá	ai	60
鲆	bình	ai	60
鲇	niêm	ai	60
鲈	lư	ai	60
鲉	du	ai	60
鲊	trả	ai	60
鲋	phụ	ai	60
鲌	bạc	ai	60
鲍	bào	ai	60
鲎	hậu	ai	60
鲏	bì	ai	60
鲐	thai	ai	60
鲑	khuê	ai	60
鲒	kiết	ai	60
鲔	vị	ai	60
鲕	nhi	ai	60
鲖	đồng	ai	60
鲗	tặc	ai	60
鲘	hậu	ai	60
鲙	quái	ai	60
鲚	tế	ai	60
鲛	giao	ai	60
鲜	tiên	confirmed	90
鲜	tiển	ai	60
鲝	trả	ai	60
鲞	tưởng	ai	60
鲟	tầm	ai	60
鲠	ngạnh	ai	60
鲡	ly	ai	60
鲢	liên	confirmed	90
鲣	kiên	ai	60
鲤	lý	ai	60
鲥	thì	ai	60
鲦	điều	ai	60
鲧	cổn	ai	60
鲨	sa	ai	60
鲩	hoán	ai	60
鲪	quân	ai	60
鲫	tức	ai	60
鲬	dũng	ai	60
鲭	thanh	ai	60
鲮	lăng	ai	60
鲯	kỳ	ai	60
鲰	trâu	ai	60
鲱	phi	ai	60
鲲	côn	ai	60
鲳	xương	ai	60
鲴	cố	ai	60
鲵	nghê	confirmed	90
鲷	điêu	ai	60
鲸	kình	confirmed	90
鲹	sam	ai	60
鲺	sắt	ai	60
鲻	tri	ai	60
鲼	phẫn	ai	60
鲽	điệp	ai	60
鲾	bức	ai	60
鲿	thường	ai	60
鳀	đề	ai	60
鳁	ôn	ai	60
鳂	ôi	ai	60
鳃	tai	ai	60
鳄	ngạc	ai	60
鳅	thu	ai	60
鳇	hoàng	ai	60
鳈	tuyền	ai	60
鳉	tương	ai	60
鳊	biên	ai	60
鳌	ngao	ai	60
鳍	kỳ	ai	60
鳎	tháp	ai	60
鳏	quan	ai	60
鳐	dao	ai	60
鳑	bàng	ai	60
鳒	kiêm	ai	60
鳓	lặc	ai	60
鳔	phiêu	ai	60
鳕	tuyết	ai	60
鳖	biết	ai	60
鳗	man	ai	60
鳘	mẫn	ai	60
鳙	dong	ai	60
鳚	vị	ai	60
鳛	tập	ai	60
鳜	quế	ai	60
鳝	thiện	ai	60
鳞	lân	ai	60
鳟	tôn	ai	60
鳠	hộ	ai	60
鳡	cảm	ai	60
鳢	lễ	ai	60
鳣	chiên	ai	60
鳤	quản	ai	60
鳥	điểu	confirmed	90
鳧	phù	ai	60
鳩	cưu	confirmed	90
鳬	phù	ai	60
鳲	thi	ai	60
鳳	phượng	confirmed	90
鳴	minh	ai	60
鳶	diên	ai	60
鳾	thi	ai	60
鴆	chẩm	ai	60
鴇	bảo	ai	60
鴉	nha	ai	60
鴒	linh	ai	60
鴕	đà	ai	60
鴛	uyên	confirmed	90
鴝	cù	ai	60
鴞	hiêu	ai	60
鴟	si	ai	60
鴣	cô	ai	60
鴦	ương	confirmed	90
鴨	áp	ai	60
鴯	nhi	ai	60
鴰	quát	ai	60
鴴	hành	ai	60
鴷	liệt	ai	60
鴻	hồng	confirmed	90
鴿	cáp	ai	60
鵁	giao	ai	60
鵂	hưu	ai	60
鵃	chu	ai	60
鵏	bổ	ai	60
鵐	vu	ai	60
鵑	quyên	ai	60
鵒	dục	ai	60
鵓	bột	ai	60
鵜	đề	ai	60
鵝	nga	confirmed	90
鵟	cuồng	ai	60
鵠	hộc	ai	60
鵠	cốc	ai	60
鵡	vũ	confirmed	90
鵪	am	ai	60
鵬	bằng	confirmed	90
鵮	kham	ai	60
鵯	ti	ai	60
鵲	thước	confirmed	90
鵾	côn	ai	60
鶄	thanh	ai	60
鶇	đông	ai	60
鶉	thuần	ai	60
鶊	canh	ai	60
鶓	miêu	ai	60
鶖	thu	ai	60
鶘	hồ	ai	60
鶚	ngạc	ai	60
鶠	yển	ai	60
鶡	hạt	ai	60
鶥	mi	ai	60
鶩	vụ	ai	60
鶪	quyết	ai	60
鶬	thương	ai	60
鶯	oanh	confirmed	90
鶱	hiên	ai	60
鶲	ông	ai	60
鶴	hạc	confirmed	90
鶹	lưu	ai	60
鶺	tích	ai	60
鶻	cốt	ai	60
鶻	hốt	ai	60
鶼	kiêm	ai	60
鷀	từ	ai	60
鷁	nghịch	ai	60
鷂	diêu	ai	60
鷄	kê	ai	60
鷈	thê	ai	60
鷉	thê	ai	60
鷊	nghịch	ai	60
鷓	chá	ai	60
鷗	âu	ai	60
鷙	chí	ai	60
鷚	lưu	ai	60
鷟	trác	ai	60
鷥	ti	ai	60
鷦	tiêu	ai	60
鷫	túc	ai	60
鷭	phiền	ai	60
鷯	liêu	ai	60
鷲	thứu	ai	60
鷳	nhàn	ai	60
鷸	duật	ai	60
鷹	ưng	confirmed	90
鷺	lộ	ai	60
鸇	chiên	ai	60
鸊	tích	ai	60
鸌	hộ	ai	60
鸏	mông	ai	60
鸑	nhạc	ai	60
鸕	lô	ai	60
鸘	sương	ai	60
鸚	anh	ai	60
鸛	quán	ai	60
鸝	ly	ai	60
鸞	loan	confirmed	90
鸟	điểu	confirmed	90
鸠	cưu	confirmed	90
鸡	kê	ai	60
鸢	diên	ai	60
鸣	minh	ai	60
鸤	thi	ai	60
鸥	âu	ai	60
鸦	nha	ai	60
鸧	thương	ai	60
鸨	bảo	ai	60
鸩	chẩm	ai	60
鸪	cô	ai	60
鸫	đông	ai	60
鸬	lư	ai	60
鸭	áp	ai	60
鸮	hiêu	ai	60
鸯	ương	confirmed	90
鸰	linh	ai	60
鸱	si	ai	60
鸲	cù	ai	60
鸳	uyên	confirmed	90
鸵	đà	ai	60
鸶	ti	ai	60
鸷	chí	ai	60
鸸	nhi	ai	60
鸹	quát	ai	60
鸺	hưu	ai	60
鸻	hành	ai	60
鸼	chu	ai	60
鸽	cáp	ai	60
鸾	loan	confirmed	90
鸿	hồng	confirmed	90
鹀	ô	ai	60
鹁	bột	ai	60
鹂	ly	ai	60
鹃	quyên	ai	60
鹄	hộc	ai	60
鹄	cốc	ai	60
鹅	nga	confirmed	90
鹆	dục	ai	60
鹇	nhàn	ai	60
鹈	đề	ai	60
鹉	vũ	confirmed	90
鹊	thước	confirmed	90
鹋	miêu	ai	60
鹌	am	ai	60
鹍	côn	ai	60
鹎	ti	ai	60
鹏	bằng	confirmed	90
鹐	kham	ai	60
鹑	thuần	ai	60
鹒	canh	ai	60
鹔	túc	ai	60
鹕	hồ	ai	60
鹖	hạt	ai	60
鹗	ngạc	ai	60
鹘	cốt	ai	60
鹙	thu	ai	60
鹚	từ	ai	60
鹛	mi	ai	60
鹜	vụ	ai	60
鹝	nghịch	ai	60
鹞	diêu	ai	60
鹟	ông	ai	60
鹠	lưu	ai	60
鹡	tích	ai	60
鹢	nghịch	ai	60
鹣	kiêm	ai	60
鹤	hạc	confirmed	90
鹦	anh	ai	60
鹧	chá	ai	60
鹨	lựu	ai	60
鹩	liêu	ai	60
鹪	tiêu	ai	60
鹫	tựu	ai	60
鹬	duật	ai	60
鹭	lộ	ai	60
鹮	hoàn	ai	60
鹯	chiên	ai	60
鹰	ưng	confirmed	90
鹱	hộ	ai	60
鹲	mông	ai	60
鹳	quán	ai	60
鹴	sương	ai	60
鹵	lỗ	ai	60
鹹	hàm	ai	60
鹺	ta	ai	60
鹽	diêm	ai	60
鹾	ta	ai	60
鹿	lộc	confirmed	90
麀	ưu	ai	60
麂	kỷ	ai	60
麇	quân	ai	60
麈	chủ	ai	60
麋	mi	ai	60
麑	nghê	confirmed	90
麒	kỳ	confirmed	90
麓	lộc	ai	60
麖	kinh	ai	60
麗	lệ	confirmed	90
麝	xạ	confirmed	90
麟	lân	confirmed	90
麥	mạch	confirmed	90
麦	mạch	confirmed	90
麩	phu	ai	60
麯	khúc	ai	60
麴	khúc	ai	60
麵	miến	ai	60
麸	phu	ai	60
麹	khúc	ai	60
麻	ma	confirmed	90
麼	ma	ai	60
麼	yêu	ai	60
麽	ma	ai	60
麾	huy	ai	60
黃	hoàng	ai	60
黄	hoàng	confirmed	90
黇	thiêm	ai	60
黉	huỳnh	ai	60
黌	huỳnh	ai	60
黍	thử	ai	60
黎	lê	confirmed	90
黏	niêm	ai	60
黑	hắc	confirmed	90
黔	kiềm	ai	60
默	mặc	confirmed	90
黛	đại	ai	60
黜	truất	ai	60
黝	ửu	ai	60
點	điểm	confirmed	90
黟	y	ai	60
黠	hiệt	ai	60
黡	yểm	ai	60
黢	thuật	ai	60
黥	kình	ai	60
黧	lê	ai	60
黨	đảng	ai	60
黩	độc	ai	60
黪	thảm	ai	60
黯	ảm	ai	60
黲	thảm	ai	60
黴	mi	ai	60
黶	yểm	ai	60
黷	độc	ai	60
黹	chỉ	ai	60
黻	phất	ai	60
黼	phủ	ai	60
黽	mãnh	ai	60
黾	mãnh	ai	60
黿	ngoan	ai	60
鼉	đà	ai	60
鼋	ngoan	ai	60
鼍	đà	ai	60
鼎	đỉnh	confirmed	90
鼐	nại	ai	60
鼒	tư	ai	60
鼓	cổ	ai	60
鼕	đông	ai	60
鼗	đào	ai	60
鼙	bề	ai	60
鼠	thử	ai	60
鼢	phẫn	ai	60
鼩	cù	ai	60
鼫	thạch	ai	60
鼬	dứu	ai	60
鼯	ngô	ai	60
鼱	tinh	ai	60
鼴	yển	ai	60
鼷	hề	ai	60
鼹	yển	ai	60
鼻	tị	ai	60
鼽	cầu	ai	60
鼾	hãn	ai	60
齁	hầu	ai	60
齇	tra	ai	60
齉	nãng	ai	60
齊	tề	ai	60
齊	tư	ai	60
齊	trai	ai	60
齋	trai	ai	60
齏	tê	ai	60
齐	tề	ai	60
齑	tê	ai	60
齒	xỉ	confirmed	90
齔	sấn	ai	60
齕	hột	ai	60
齗	ngân	ai	60
齘	giới	ai	60
齙	bào	ai	60
齜	thử	ai	60
齟	trở	ai	60
齠	điêu	ai	60
齡	linh	ai	60
齣	xuất	ai	60
齦	ngân	ai	60
齦	khẩn	ai	60
齪	xúc	ai	60
齬	ngữ	ai	60
齮	ỷ	ai	60
齯	nhi	ai	60
齲	củ	ai	60
齶	ngạc	ai	60
齷	ác	ai	60
齼	sở	ai	60
齿	xỉ	confirmed	90
龀	sấn	ai	60
龁	hột	ai	60
龂	ngân	ai	60
龃	trở	ai	60
龄	linh	ai	60
龅	bão	ai	60
龆	điều	ai	60
龇	tì	ai	60
龈	ngân	ai	60
龉	ngữ	ai	60
龊	xúc	ai	60
龋	khũ	ai	60
龌	ác	ai	60
龍	long	confirmed	90
龐	bàng	ai	60
龑	yểm	ai	60
龔	cung	ai	60
龕	kham	ai	60
龙	long	confirmed	90
龚	cung	ai	60
龛	kham	ai	60
龜	quy	ai	60
龜	quân	ai	60
龟	quy	ai	60
龟	quân	ai	60
龠	dược	ai	60
龢	hòa	ai	60
